PointID,LatitudeDecimalDeg,LongitudeDecimalDeg,EllipsoidHeight,Northing,Easting,Elevation
3590_A,38.41888494,-82.35161599,459.084,13953899,1253303.631,560.66
3591_A,38.41888326,-82.35163507,459.099,13953898.47,1253298.158,560.675
3592_A,38.41888147,-82.35165418,459.108,13953897.9,1253292.675,560.684
3593_A,38.41887972,-82.35167318,459.134,13953897.34,1253287.225,560.71
3594_A,38.41887796,-82.3516922,459.16,13953896.78,1253281.766,560.736
3595_A,38.41887627,-82.35171116,459.131,13953896.24,1253276.325,560.707
3596_A,38.41887454,-82.35173004,459.16,13953895.69,1253270.909,560.736
3597_A,38.41887285,-82.35174893,459.131,13953895.16,1253265.49,560.707
3598_A,38.41887112,-82.35176772,459.121,13953894.61,1253260.099,560.697
3599_A,38.41886941,-82.35178648,459.093,13953894.06,1253254.718,560.669
3600_A,38.41886772,-82.35180514,459.078,13953893.53,1253249.364,560.654
3601_A,38.41886604,-82.35182376,459.089,13953892.99,1253244.02,560.665
3602_A,38.41886433,-82.3518423,459.138,13953892.45,1253238.702,560.713
3603_A,38.41886265,-82.35186084,459.074,13953891.92,1253233.383,560.649
3604_A,38.4188609,-82.3518793,459.104,13953891.36,1253228.087,560.679
3605_A,38.41885925,-82.35189766,459.107,13953890.83,1253222.818,560.683
3606_A,38.41885757,-82.35191603,459.124,13953890.3,1253217.549,560.7
3607_A,38.41885591,-82.35193431,459.089,13953889.77,1253212.304,560.665
3608_A,38.41885418,-82.35195251,459.112,13953889.22,1253207.08,560.687
3609_A,38.41885246,-82.35197069,459.116,13953888.67,1253201.864,560.691
3610_A,38.41885087,-82.35198879,459.087,13953888.16,1253196.672,560.663
3611_A,38.41884916,-82.35200677,459.118,13953887.62,1253191.513,560.693
3612_A,38.41884751,-82.35202475,459.103,13953887.09,1253186.353,560.678
3613_A,38.41884585,-82.35204268,459.142,13953886.56,1253181.21,560.717
3614_A,38.41884422,-82.35206039,459.158,13953886.04,1253176.128,560.733
3615_A,38.41884258,-82.35207808,459.208,13953885.52,1253171.053,560.783
3616_A,38.41884101,-82.35209555,459.178,13953885.02,1253166.04,560.753
3617_A,38.41883941,-82.35211289,459.191,13953884.51,1253161.068,560.766
3618_A,38.41883703,-82.35213854,459.135,13953883.75,1253153.707,560.71
3619_A,38.41883468,-82.35216386,459.163,13953883.01,1253146.443,560.738
3620_A,38.41883154,-82.35219713,459.214,13953882,1253136.895,560.789
3621_A,38.41882938,-82.35222153,459.173,13953881.32,1253129.895,560.748
3622_A,38.41882717,-82.35224561,459.208,13953880.62,1253122.986,560.783
3623_A,38.41882416,-82.35227716,459.234,13953879.65,1253113.936,560.809
3624_A,38.41882198,-82.35230026,459.196,13953878.95,1253107.306,560.771
3625_A,38.41881988,-82.35232285,459.22,13953878.29,1253100.824,560.795
3626_A,38.41881713,-82.35235202,459.236,13953877.41,1253092.457,560.811
3627_A,38.41881524,-82.35237314,459.253,13953876.81,1253086.397,560.827
3628_A,38.41881334,-82.35239362,459.258,13953876.2,1253080.521,560.833
3629_A,38.41881091,-82.35241975,459.268,13953875.43,1253073.023,560.842
3630_A,38.41880916,-82.35243864,459.254,13953874.87,1253067.603,560.829
3631_A,38.4188075,-82.3524567,459.258,13953874.34,1253062.422,560.832
3632_A,38.4188054,-82.35247951,459.229,13953873.67,1253055.877,560.804
3633_A,38.41880346,-82.35250053,459.293,13953873.05,1253049.846,560.867
3634_A,38.41880176,-82.35251947,459.261,13953872.52,1253044.412,560.835
3635_A,38.41879991,-82.35254021,459.259,13953871.93,1253038.461,560.833
3636_A,38.41879826,-82.35255811,459.271,13953871.4,1253033.327,560.845
3637_A,38.41879659,-82.35257621,459.25,13953870.87,1253028.132,560.824
3638_A,38.41879487,-82.35259483,459.271,13953870.32,1253022.79,560.845
3639_A,38.41879333,-82.35261224,459.23,13953869.84,1253017.795,560.804
3640_A,38.41879168,-82.3526302,459.247,13953869.31,1253012.643,560.82
3641_A,38.41878995,-82.35264931,459.227,13953868.76,1253007.159,560.801
3642_A,38.41878792,-82.35267148,459.265,13953868.11,1253000.799,560.839
3643_A,38.41878625,-82.35269006,459.277,13953867.59,1252995.467,560.851
3644_A,38.41878433,-82.35271055,459.273,13953866.97,1252989.59,560.846
3645_A,38.41878271,-82.35272867,459.266,13953866.46,1252984.392,560.84
3646_A,38.41878109,-82.35274665,459.262,13953865.94,1252979.232,560.835
3647_A,38.41877926,-82.35276701,459.289,13953865.36,1252973.391,560.863
3648_A,38.41877754,-82.35278522,459.214,13953864.82,1252968.168,560.788
3649_A,38.4187759,-82.35280369,459.226,13953864.29,1252962.868,560.8
3650_A,38.41877432,-82.3528211,459.239,13953863.79,1252957.872,560.812
3651_A,38.41877257,-82.35284006,459.211,13953863.23,1252952.431,560.785
3652_A,38.41877083,-82.35285902,459.208,13953862.68,1252946.994,560.782
3653_A,38.41876921,-82.35287647,459.224,13953862.17,1252941.987,560.797
3654_A,38.41876763,-82.35289404,459.217,13953861.66,1252936.945,560.79
3655_A,38.41876602,-82.35291177,459.207,13953861.15,1252931.859,560.78
3656_A,38.41876428,-82.35292968,459.218,13953860.59,1252926.72,560.791
3657_A,38.41876266,-82.3529477,459.208,13953860.08,1252921.55,560.781
3658_A,38.418761,-82.35296581,459.201,13953859.55,1252916.354,560.774
3659_A,38.41875929,-82.35298398,459.237,13953859.01,1252911.141,560.81
3660_A,38.41875768,-82.3530021,459.236,13953858.49,1252905.942,560.808
3661_A,38.41875586,-82.35302141,459.231,13953857.91,1252900.4,560.804
3662_A,38.41875423,-82.35303887,459.206,13953857.39,1252895.39,560.779
3663_A,38.41875255,-82.35305736,459.288,13953856.86,1252890.088,560.861
3664_A,38.41875096,-82.3530749,459.071,13953856.35,1252885.054,560.644
3665_A,38.41874927,-82.35309237,459.074,13953855.81,1252880.04,560.647
3666_A,38.41874761,-82.35311083,459.165,13953855.28,1252874.744,560.737
3667_A,38.41874594,-82.35313003,459.183,13953854.76,1252869.237,560.755
3668_A,38.41874355,-82.35314882,459.416,13953853.97,1252863.843,560.988
3669_A,38.41874214,-82.35316845,458.969,13953853.54,1252858.211,560.542
3670_A,38.41874055,-82.35318729,458.947,13953853.04,1252852.807,560.52
3671_A,38.41873879,-82.35320618,458.908,13953852.48,1252847.386,560.48
3672_A,38.41873697,-82.35322545,458.927,13953851.9,1252841.859,560.5
3673_A,38.41873539,-82.35324511,459.016,13953851.4,1252836.22,560.589
3674_A,38.4187336,-82.35326288,459.071,13953850.82,1252831.119,560.643
3675_A,38.41873176,-82.35328096,459.028,13953850.23,1252825.931,560.6
3676_A,38.41873027,-82.35330012,459.137,13953849.77,1252820.435,560.709
3677_A,38.41872839,-82.35331968,459.125,13953849.17,1252814.822,560.697
3678_A,38.41872642,-82.35333994,459.039,13953848.54,1252809.01,560.611
3679_A,38.41872471,-82.35335975,459.04,13953847.99,1252803.328,560.612
3680_A,38.41872291,-82.35337903,459.138,13953847.42,1252797.796,560.71
3681_A,38.41872072,-82.35340238,459.164,13953846.72,1252791.094,560.736
3682_A,38.41871897,-82.35342267,459.135,13953846.17,1252785.275,560.706
3683_A,38.41871694,-82.35344482,459.232,13953845.52,1252778.919,560.803
3684_A,38.41871508,-82.35346473,459.196,13953844.93,1252773.206,560.768
3685_A,38.41871293,-82.35348649,459.252,13953844.24,1252766.963,560.823
3686_A,38.41871127,-82.3535053,459.244,13953843.71,1252761.567,560.815
3687_A,38.41870953,-82.35352513,459.164,13953843.16,1252755.878,560.736
3688_A,38.41870757,-82.35354579,459.23,13953842.54,1252749.95,560.801
3689_A,38.41870565,-82.3535673,459.198,13953841.93,1252743.777,560.769
3690_A,38.41870355,-82.35358964,459.164,13953841.26,1252737.368,560.736
3691_A,38.41870134,-82.35361291,459.232,13953840.55,1252730.691,560.803
3692_A,38.41869906,-82.35363696,459.268,13953839.82,1252723.79,560.839
3693_A,38.41869683,-82.35366171,459.186,13953839.12,1252716.691,560.758
3694_A,38.41869452,-82.35368714,459.162,13953838.38,1252709.393,560.733
3695_A,38.41869216,-82.35371321,459.169,13953837.63,1252701.913,560.74
3696_A,38.41868966,-82.35374013,459.234,13953836.84,1252694.19,560.805
3697_A,38.41868709,-82.3537675,459.238,13953836.01,1252686.338,560.809
3698_A,38.41868448,-82.35379555,459.231,13953835.18,1252678.288,560.802
3699_A,38.41868176,-82.35382424,459.251,13953834.31,1252670.057,560.822
3700_A,38.41867904,-82.35385355,459.256,13953833.44,1252661.646,560.826
3701_A,38.41867632,-82.35388343,459.263,13953832.58,1252653.076,560.834
3702_A,38.41867351,-82.35391386,459.285,13953831.69,1252644.345,560.856
3703_A,38.41867068,-82.35394506,459.291,13953830.79,1252635.393,560.862
3704_A,38.41866767,-82.35397694,459.293,13953829.82,1252626.247,560.863
3705_A,38.41866468,-82.35400952,459.257,13953828.87,1252616.896,560.827
3706_A,38.41866154,-82.35404286,459.22,13953827.87,1252607.332,560.79
3707_A,38.41865834,-82.35407686,459.268,13953826.85,1252597.577,560.838
3708_A,38.4186552,-82.35411139,459.286,13953825.85,1252587.668,560.856
3709_A,38.41865353,-82.3541288,459.312,13953825.31,1252582.674,560.882
3710_A,38.41865192,-82.35414627,459.279,13953824.8,1252577.662,560.849
3711_A,38.41865034,-82.35416385,459.273,13953824.3,1252572.616,560.843
3712_A,38.41864867,-82.35418153,459.287,13953823.77,1252567.544,560.857
3713_A,38.41864712,-82.35419934,459.246,13953823.28,1252562.434,560.816
3714_A,38.41864545,-82.35421717,459.248,13953822.74,1252557.32,560.818
3715_A,38.4186438,-82.35423505,459.249,13953822.22,1252552.189,560.819
3716_A,38.41864221,-82.35425304,459.293,13953821.72,1252547.029,560.863
3717_A,38.41864052,-82.35427106,459.282,13953821.18,1252541.858,560.852
3718_A,38.41863884,-82.35428924,459.284,13953820.64,1252536.642,560.854
3719_A,38.41863714,-82.35430747,459.305,13953820.1,1252531.412,560.875
3720_A,38.41863551,-82.35432576,459.269,13953819.58,1252526.163,560.839
3721_A,38.41863382,-82.35434415,459.286,13953819.05,1252520.887,560.855
3722_A,38.41863214,-82.35436262,459.303,13953818.51,1252515.589,560.872
3723_A,38.41863046,-82.35438111,459.322,13953817.98,1252510.283,560.892
3724_A,38.41862877,-82.35439967,459.284,13953817.44,1252504.958,560.854
3725_A,38.41862706,-82.35441825,459.295,13953816.9,1252499.627,560.864
3726_A,38.41862533,-82.35443692,459.285,13953816.35,1252494.27,560.855
3727_A,38.41862354,-82.35445569,459.304,13953815.77,1252488.884,560.874
3728_A,38.41862178,-82.35447449,459.298,13953815.21,1252483.49,560.867
3729_A,38.41862008,-82.35449335,459.275,13953814.67,1252478.08,560.845
3730_A,38.41861828,-82.35451221,459.312,13953814.1,1252472.668,560.881
3731_A,38.41861652,-82.3545312,459.32,13953813.53,1252467.22,560.89
3732_A,38.41861487,-82.35455029,459.339,13953813.01,1252461.743,560.908
3733_A,38.41861309,-82.35456936,459.37,13953812.45,1252456.27,560.939
3734_A,38.41861133,-82.35458856,459.36,13953811.89,1252450.764,560.929
3735_A,38.41860958,-82.35460779,459.396,13953811.33,1252445.244,560.965
3736_A,38.41860773,-82.35462699,459.363,13953810.74,1252439.738,560.932
3737_A,38.41860591,-82.35464636,459.384,13953810.16,1252434.178,560.953
3738_A,38.41860415,-82.35466577,459.399,13953809.6,1252428.609,560.968
3739_A,38.41860237,-82.35468522,459.407,13953809.03,1252423.028,560.975
3740_A,38.41860055,-82.3547048,459.425,13953808.45,1252417.411,560.994
3741_A,38.41859882,-82.35472446,459.396,13953807.91,1252411.771,560.965
3742_A,38.41859696,-82.35474406,459.419,13953807.31,1252406.146,560.988
3743_A,38.41859516,-82.35476372,459.421,13953806.74,1252400.508,560.989
3744_A,38.41859334,-82.35478337,459.41,13953806.16,1252394.868,560.978
3745_A,38.41859153,-82.35480303,459.422,13953805.58,1252389.227,560.991
3746_A,38.41858977,-82.35482271,459.412,13953805.02,1252383.582,560.98
3747_A,38.41858798,-82.35484241,459.428,13953804.45,1252377.93,560.997
3748_A,38.41858611,-82.35486222,459.461,13953803.86,1252372.245,561.03
3749_A,38.41858431,-82.35488205,459.433,13953803.29,1252366.557,561.001
3750_A,38.4185825,-82.35490201,459.458,13953802.71,1252360.83,561.026
3751_A,38.41858062,-82.35492204,459.48,13953802.11,1252355.081,561.048
3752_A,38.41857876,-82.3549421,459.491,13953801.52,1252349.326,561.059
3753_A,38.4185769,-82.3549623,459.467,13953800.92,1252343.53,561.035
3754_A,38.41857502,-82.35498253,459.466,13953800.32,1252337.728,561.034
3755_A,38.41857313,-82.35500284,459.506,13953799.73,1252331.9,561.074
3756_A,38.41857136,-82.35502326,459.501,13953799.17,1252326.043,561.069
3757_A,38.41856946,-82.35504373,459.538,13953798.56,1252320.168,561.106
3758_A,38.41856756,-82.35506425,459.539,13953797.95,1252314.28,561.107
3759_A,38.41856562,-82.35508482,459.557,13953797.33,1252308.377,561.125
3760_A,38.4185637,-82.35510548,459.535,13953796.72,1252302.451,561.102
3761_A,38.41856181,-82.35512615,459.542,13953796.12,1252296.52,561.11
3762_A,38.41855992,-82.35514677,459.552,13953795.52,1252290.604,561.12
3763_A,38.41855807,-82.35516731,459.533,13953794.93,1252284.71,561.101
3764_A,38.41855618,-82.35518789,459.513,13953794.33,1252278.806,561.081
3765_A,38.41855425,-82.35520829,459.54,13953793.72,1252272.954,561.107
3766_A,38.41855237,-82.35522868,459.51,13953793.11,1252267.103,561.078
3767_A,38.41855051,-82.35524905,459.521,13953792.53,1252261.258,561.088
3768_A,38.41854854,-82.35526932,459.497,13953791.89,1252255.442,561.064
3769_A,38.41854676,-82.35528951,459.514,13953791.33,1252249.651,561.081
3770_A,38.41854489,-82.35530964,459.514,13953790.73,1252243.874,561.081
3771_A,38.41854306,-82.35532974,459.523,13953790.15,1252238.107,561.09
3772_A,38.41854118,-82.3553497,459.505,13953789.55,1252232.381,561.072
3773_A,38.41853939,-82.35536966,459.525,13953788.98,1252226.655,561.092
3774_A,38.4185375,-82.35538953,459.556,13953788.38,1252220.954,561.123
3775_A,38.4185357,-82.3554093,459.54,13953787.81,1252215.281,561.107
3776_A,38.4185339,-82.35542906,459.531,13953787.24,1252209.612,561.098
3777_A,38.41853204,-82.35544871,459.537,13953786.64,1252203.974,561.104
3778_A,38.41853023,-82.35546828,459.537,13953786.07,1252198.357,561.104
3779_A,38.41852843,-82.35548783,459.522,13953785.49,1252192.747,561.088
3780_A,38.4185266,-82.35550728,459.529,13953784.91,1252187.167,561.096
3781_A,38.41852483,-82.35552671,459.511,13953784.35,1252181.595,561.078
3782_A,38.41852307,-82.35554605,459.528,13953783.78,1252176.045,561.095
3783_A,38.41852129,-82.35556527,459.526,13953783.22,1252170.53,561.092
3784_A,38.41851956,-82.35558447,459.53,13953782.67,1252165.023,561.096
3785_A,38.41851771,-82.35560357,459.578,13953782.08,1252159.542,561.145
3786_A,38.41851595,-82.35562262,459.601,13953781.52,1252154.076,561.167
3787_A,38.41851418,-82.35564156,459.597,13953780.95,1252148.641,561.164
3788_A,38.41851242,-82.35566044,459.606,13953780.39,1252143.225,561.172
3789_A,38.41851073,-82.35567925,459.613,13953779.85,1252137.828,561.179
3790_A,38.41850898,-82.35569801,459.623,13953779.3,1252132.444,561.19
3791_A,38.41850725,-82.35571667,459.639,13953778.75,1252127.09,561.205
3792_A,38.41850556,-82.35573527,459.677,13953778.21,1252121.754,561.243
3793_A,38.41850386,-82.35575381,459.67,13953777.67,1252116.434,561.236
3794_A,38.41850212,-82.35577226,459.661,13953777.11,1252111.141,561.227
3795_A,38.41850043,-82.35579062,459.668,13953776.57,1252105.872,561.234
3796_A,38.41849876,-82.35580899,459.681,13953776.04,1252100.604,561.247
3797_A,38.41849707,-82.35582722,459.669,13953775.5,1252095.373,561.235
3798_A,38.41849543,-82.35584532,459.686,13953774.98,1252090.178,561.252
3799_A,38.41849375,-82.35586343,459.697,13953774.45,1252084.984,561.263
3800_A,38.41849215,-82.35588143,459.724,13953773.94,1252079.817,561.29
3801_A,38.41849049,-82.35589941,459.779,13953773.41,1252074.661,561.345
3802_A,38.41848881,-82.35591726,459.795,13953772.88,1252069.538,561.36
3803_A,38.41848722,-82.35593513,459.797,13953772.37,1252064.41,561.363
3804_A,38.41848554,-82.35595286,459.807,13953771.84,1252059.324,561.373
3805_A,38.41848393,-82.35597065,459.836,13953771.32,1252054.22,561.402
3806_A,38.41848224,-82.35598833,459.842,13953770.79,1252049.146,561.408
3807_A,38.41848064,-82.35600615,459.848,13953770.28,1252044.034,561.413
3808_A,38.4184791,-82.35602398,459.88,13953769.79,1252038.918,561.445
3809_A,38.41847745,-82.35604181,459.897,13953769.27,1252033.802,561.463
3810_A,38.41847578,-82.35605964,459.919,13953768.73,1252028.688,561.484
3811_A,38.41847419,-82.35607759,459.921,13953768.23,1252023.537,561.487
3812_A,38.41847255,-82.35609555,459.914,13953767.71,1252018.385,561.479
3813_A,38.4184709,-82.35611354,459.93,13953767.18,1252013.223,561.495
3814_A,38.41846923,-82.35613163,459.94,13953766.65,1252008.033,561.505
3815_A,38.41846758,-82.35614975,459.93,13953766.13,1252002.835,561.495
3816_A,38.41846591,-82.35616797,459.961,13953765.6,1251997.606,561.526
3817_A,38.41846425,-82.35618619,459.948,13953765.07,1251992.38,561.513
3818_A,38.41846248,-82.35620454,459.963,13953764.5,1251987.113,561.528
3819_A,38.41846081,-82.35622297,459.96,13953763.97,1251981.827,561.525
3820_A,38.4184591,-82.35624145,459.986,13953763.43,1251976.523,561.551
3821_A,38.41845738,-82.35625997,459.997,13953762.88,1251971.21,561.562
3822_A,38.4184557,-82.35627861,459.994,13953762.35,1251965.863,561.558
3823_A,38.41845399,-82.35629727,460.019,13953761.8,1251960.509,561.584
3824_A,38.41845225,-82.356316,460.021,13953761.24,1251955.135,561.585
3825_A,38.41845058,-82.35633481,460.015,13953760.72,1251949.738,561.58
3826_A,38.41844877,-82.35635364,460.006,13953760.14,1251944.336,561.571
3827_A,38.41844706,-82.35637255,460.016,13953759.59,1251938.909,561.581
3828_A,38.41844539,-82.35639148,460.037,13953759.07,1251933.478,561.602
3829_A,38.41844364,-82.35641043,460.031,13953758.51,1251928.04,561.596
3830_A,38.41844188,-82.35642942,460.034,13953757.95,1251922.592,561.598
3831_A,38.41844019,-82.35644849,460.034,13953757.41,1251917.121,561.599
3832_A,38.41843839,-82.35646752,460.059,13953756.84,1251911.66,561.624
3833_A,38.41843667,-82.3564866,460.057,13953756.29,1251906.186,561.622
3834_A,38.41843491,-82.35650568,460.06,13953755.73,1251900.713,561.624
3835_A,38.41843312,-82.35652475,460.043,13953755.16,1251895.241,561.607
3836_A,38.4184314,-82.35654388,460.063,13953754.62,1251889.752,561.627
3837_A,38.41842962,-82.35656301,460.048,13953754.05,1251884.265,561.612
3838_A,38.41842787,-82.35658216,460.07,13953753.49,1251878.769,561.634
3839_A,38.41842612,-82.35660132,460.065,13953752.94,1251873.271,561.629
3840_A,38.41842434,-82.35662053,460.077,13953752.37,1251867.762,561.641
3841_A,38.41842254,-82.35663969,460.092,13953751.79,1251862.262,561.656
3842_A,38.4184208,-82.3566589,460.092,13953751.24,1251856.752,561.656
3843_A,38.41841899,-82.35667815,460.074,13953750.67,1251851.229,561.638
3844_A,38.41841724,-82.35669737,460.097,13953750.11,1251845.714,561.661
3845_A,38.41841545,-82.35671662,460.075,13953749.54,1251840.191,561.639
3846_A,38.41841373,-82.35673589,460.086,13953748.99,1251834.663,561.65
3847_A,38.41841196,-82.35675516,460.078,13953748.43,1251829.134,561.641
3848_A,38.41841021,-82.3567745,460.104,13953747.87,1251823.585,561.667
3849_A,38.41840842,-82.35679379,460.076,13953747.3,1251818.05,561.64
3850_A,38.41840663,-82.35681314,460.109,13953746.73,1251812.498,561.672
3851_A,38.41840481,-82.35683246,460.089,13953746.15,1251806.954,561.653
3852_A,38.41840309,-82.35685188,460.089,13953745.61,1251801.383,561.653
3853_A,38.41840134,-82.35687126,460.093,13953745.05,1251795.823,561.657
3854_A,38.41839953,-82.35689066,460.111,13953744.47,1251790.257,561.674
3855_A,38.41839777,-82.35691003,460.103,13953743.92,1251784.7,561.666
3856_A,38.41839599,-82.35692943,460.115,13953743.35,1251779.134,561.679
3857_A,38.41839416,-82.35694886,460.151,13953742.76,1251773.559,561.714
3858_A,38.41839235,-82.35696832,460.14,13953742.19,1251767.973,561.703
3859_A,38.41839056,-82.35698774,460.128,13953741.62,1251762.403,561.691
3860_A,38.4183887,-82.3570072,460.136,13953741.02,1251756.819,561.699
3861_A,38.41838693,-82.35702667,460.145,13953740.46,1251751.233,561.708
3862_A,38.41838513,-82.35704623,460.144,13953739.89,1251745.619,561.707
3863_A,38.41838331,-82.35706579,460.158,13953739.31,1251740.009,561.72
3864_A,38.41838153,-82.35708538,460.155,13953738.74,1251734.388,561.718
3865_A,38.41837968,-82.35710501,460.161,13953738.15,1251728.756,561.724
3866_A,38.41837781,-82.35712465,460.166,13953737.55,1251723.121,561.728
3867_A,38.41837605,-82.35714428,460.154,13953737,1251717.488,561.717
3868_A,38.41837422,-82.35716384,460.164,13953736.41,1251711.875,561.727
3869_A,38.41837253,-82.35718349,460.147,13953735.88,1251706.237,561.71
3870_A,38.4183707,-82.35720298,460.143,13953735.3,1251700.646,561.705
3871_A,38.41836888,-82.35722259,460.176,13953734.72,1251695.021,561.738
3872_A,38.41836708,-82.35724208,460.187,13953734.14,1251689.429,561.749
3873_A,38.41836526,-82.35726156,460.175,13953733.56,1251683.839,561.738
3874_A,38.41836349,-82.35728103,460.195,13953733,1251678.253,561.758
3875_A,38.41836173,-82.35730042,460.186,13953732.44,1251672.69,561.749
3876_A,38.41835997,-82.35731979,460.202,13953731.88,1251667.133,561.764
3877_A,38.4183581,-82.35733913,460.193,13953731.28,1251661.582,561.755
3878_A,38.41835638,-82.35735839,460.192,13953730.74,1251656.056,561.754
3879_A,38.4183546,-82.35737767,460.199,13953730.17,1251650.524,561.762
3880_A,38.41835276,-82.35739687,460.24,13953729.58,1251645.015,561.802
3881_A,38.41835106,-82.35741602,460.23,13953729.04,1251639.522,561.792
3882_A,38.41834927,-82.35743517,460.228,13953728.47,1251634.027,561.79
3883_A,38.41834751,-82.35745421,460.248,13953727.91,1251628.565,561.81
3884_A,38.41834576,-82.35747325,460.256,13953727.36,1251623.102,561.818
3885_A,38.418344,-82.35749226,460.264,13953726.8,1251617.647,561.825
3886_A,38.41834223,-82.35751125,460.271,13953726.23,1251612.199,561.833
3887_A,38.41834046,-82.35753016,460.282,13953725.67,1251606.772,561.844
3888_A,38.41833874,-82.35754907,460.282,13953725.12,1251601.348,561.843
3889_A,38.41833698,-82.357568,460.288,13953724.56,1251595.917,561.85
3890_A,38.4183353,-82.35758693,460.304,13953724.03,1251590.484,561.865
3891_A,38.41833356,-82.35760584,460.299,13953723.48,1251585.06,561.861
3892_A,38.41833175,-82.35762472,460.31,13953722.89,1251579.642,561.872
3893_A,38.41833007,-82.35764364,460.292,13953722.36,1251574.214,561.854
3894_A,38.41832834,-82.35766253,460.328,13953721.81,1251568.792,561.889
3895_A,38.4183266,-82.35768143,460.318,13953721.26,1251563.37,561.879
3896_A,38.41832486,-82.3577003,460.315,13953720.7,1251557.957,561.876
3897_A,38.41832313,-82.35771916,460.312,13953720.15,1251552.547,561.873
3898_A,38.41832135,-82.35773799,460.309,13953719.59,1251547.141,561.87
3899_A,38.41831969,-82.35775688,460.311,13953719.06,1251541.725,561.872
3900_A,38.41831796,-82.35777568,460.329,13953718.51,1251536.329,561.89
3901_A,38.41831617,-82.35779444,460.321,13953717.94,1251530.946,561.882
3902_A,38.41831447,-82.35781317,460.32,13953717.4,1251525.574,561.881
3903_A,38.41831274,-82.35783182,460.317,13953716.85,1251520.221,561.878
3904_A,38.41831101,-82.35785046,460.299,13953716.3,1251514.874,561.86
3905_A,38.41830936,-82.35786896,460.307,13953715.77,1251509.565,561.868
3906_A,38.41830763,-82.35788743,460.299,13953715.22,1251504.266,561.859
3907_A,38.41830592,-82.35790585,460.319,13953714.68,1251498.981,561.88
3908_A,38.41830426,-82.35792419,460.305,13953714.15,1251493.719,561.865
3909_A,38.41830253,-82.3579425,460.299,13953713.6,1251488.466,561.86
3910_A,38.4183009,-82.35796072,460.287,13953713.08,1251483.239,561.848
3911_A,38.41829921,-82.35797887,460.296,13953712.54,1251478.03,561.857
3912_A,38.41829756,-82.35799699,460.291,13953712.02,1251472.831,561.852
3913_A,38.4182959,-82.35801506,460.289,13953711.49,1251467.646,561.849
3914_A,38.41829419,-82.35803304,460.322,13953710.94,1251462.489,561.882
3915_A,38.41829251,-82.35805101,460.308,13953710.41,1251457.331,561.868
3916_A,38.41829092,-82.35806884,460.315,13953709.9,1251452.217,561.875
3917_A,38.41828924,-82.35808671,460.322,13953709.37,1251447.09,561.883
3918_A,38.41828758,-82.35810445,460.311,13953708.84,1251442,561.871
3919_A,38.41828593,-82.35812217,460.315,13953708.31,1251436.915,561.875
3920_A,38.41828432,-82.35813977,460.309,13953707.8,1251431.866,561.869
3921_A,38.41828269,-82.35815732,460.308,13953707.28,1251426.83,561.868
3922_A,38.41828108,-82.35817485,460.316,13953706.77,1251421.801,561.876
3923_A,38.41827956,-82.35819233,460.334,13953706.29,1251416.785,561.894
3924_A,38.41827792,-82.35820973,460.334,13953705.77,1251411.793,561.894
3925_A,38.41827634,-82.35822708,460.334,13953705.26,1251406.816,561.894
3926_A,38.41827316,-82.35826159,460.322,13953704.25,1251396.913,561.882
3927_A,38.41826999,-82.35829583,460.323,13953703.24,1251387.089,561.883
3928_A,38.41826768,-82.35832141,460.341,13953702.51,1251379.75,561.901
3929_A,38.41826525,-82.35834681,460.319,13953701.73,1251372.461,561.878
3930_A,38.41826213,-82.35838056,460.325,13953700.74,1251362.779,561.884
3931_A,38.41825984,-82.35840574,460.297,13953700.01,1251355.553,561.856
3932_A,38.41825755,-82.35843081,460.287,13953699.28,1251348.36,561.846
3933_A,38.4182545,-82.35846404,460.315,13953698.31,1251338.827,561.874
3934_A,38.41825216,-82.35848879,460.294,13953697.56,1251331.724,561.853
3935_A,38.41824992,-82.35851351,460.262,13953696.85,1251324.632,561.82
3936_A,38.4182469,-82.35854624,460.262,13953695.89,1251315.241,561.821
3937_A,38.41824472,-82.35857061,460.273,13953695.2,1251308.249,561.831
3938_A,38.41824246,-82.35859484,460.262,13953694.48,1251301.298,561.821
3939_A,38.41823952,-82.35862697,460.271,13953693.55,1251292.08,561.83
3940_A,38.4182374,-82.35865095,460.259,13953692.87,1251285.2,561.817
3941_A,38.41823513,-82.35867475,460.257,13953692.15,1251278.37,561.815
3942_A,38.41823227,-82.35870636,460.26,13953691.24,1251269.303,561.818
3943_A,38.41823008,-82.35872991,460.282,13953690.54,1251262.545,561.84
3944_A,38.41822786,-82.35875347,460.258,13953689.83,1251255.785,561.816
3945_A,38.41822499,-82.35878487,460.259,13953688.92,1251246.775,561.817
3946_A,38.41822276,-82.3588084,460.21,13953688.21,1251240.022,561.768
3947_A,38.41822062,-82.35883198,460.213,13953687.53,1251233.257,561.771
3948_A,38.41821765,-82.35886348,460.221,13953686.58,1251224.22,561.779
3949_A,38.41821545,-82.35888729,460.221,13953685.88,1251217.39,561.779
3950_A,38.41821323,-82.35891124,460.227,13953685.17,1251210.518,561.785
3951_A,38.41821029,-82.35894322,460.204,13953684.24,1251201.342,561.762
3952_A,38.41820804,-82.35896735,460.208,13953683.52,1251194.417,561.765
3953_A,38.41820586,-82.35899159,460.222,13953682.83,1251187.462,561.779
3954_A,38.41820286,-82.35902401,460.22,13953681.88,1251178.161,561.777
3955_A,38.41820065,-82.35904848,460.225,13953681.17,1251171.14,561.782
3956_A,38.41819838,-82.35907304,460.232,13953680.45,1251164.095,561.79
3957_A,38.41819528,-82.35910588,460.225,13953679.46,1251154.671,561.782
3958_A,38.41819299,-82.35913064,460.245,13953678.73,1251147.565,561.803
3959_A,38.41819065,-82.35915552,460.234,13953677.98,1251140.429,561.791
3960_A,38.41818762,-82.35918884,460.241,13953677.02,1251130.868,561.798
3961_A,38.41818534,-82.35921399,460.249,13953676.3,1251123.652,561.806
3962_A,38.41818299,-82.35923925,460.246,13953675.55,1251116.406,561.803
3963_A,38.41817993,-82.35927303,460.246,13953674.58,1251106.714,561.803
3964_A,38.41817755,-82.3592985,460.226,13953673.82,1251099.404,561.782
3965_A,38.41817519,-82.35932414,460.19,13953673.07,1251092.049,561.747
3966_A,38.41817202,-82.35935845,460.185,13953672.06,1251082.205,561.742
3967_A,38.41816969,-82.35938431,460.17,13953671.32,1251074.784,561.726
3968_A,38.41816727,-82.35941026,460.155,13953670.55,1251067.338,561.712
3969_A,38.41816572,-82.3594277,460.147,13953670.06,1251062.336,561.704
3970_A,38.41816413,-82.35944514,460.115,13953669.56,1251057.331,561.672
3971_A,38.41816249,-82.35946261,460.111,13953669.03,1251052.318,561.667
3972_A,38.41816089,-82.35948012,460.105,13953668.52,1251047.296,561.661
3973_A,38.41815925,-82.3594977,460.093,13953668,1251042.251,561.649
3974_A,38.41815758,-82.35951528,460.055,13953667.46,1251037.207,561.611
3975_A,38.41815593,-82.35953288,460.055,13953666.94,1251032.157,561.611
3976_A,38.41815433,-82.35955053,460.078,13953666.43,1251027.094,561.634
3977_A,38.41815271,-82.35956818,460.071,13953665.92,1251022.028,561.627
3978_A,38.41815104,-82.35958585,460.071,13953665.38,1251016.959,561.627
3979_A,38.41814946,-82.35960356,460.058,13953664.88,1251011.878,561.614
3980_A,38.41814781,-82.3596212,460.063,13953664.36,1251006.816,561.619
3981_A,38.41814616,-82.35963891,460.044,13953663.83,1251001.736,561.6
3982_A,38.41814449,-82.35965657,460.05,13953663.3,1250996.669,561.606
3983_A,38.41814284,-82.35967427,460.067,13953662.77,1250991.588,561.622
3984_A,38.41814117,-82.35969193,460.043,13953662.24,1250986.523,561.599
3985_A,38.41813952,-82.35970961,460.025,13953661.71,1250981.45,561.581
3986_A,38.41813789,-82.35972727,460.015,13953661.19,1250976.382,561.57
3987_A,38.41813631,-82.35974497,459.987,13953660.69,1250971.303,561.543
3988_A,38.41813472,-82.35976266,459.969,13953660.19,1250966.228,561.524
3989_A,38.41813312,-82.35978036,459.957,13953659.68,1250961.15,561.513
3990_A,38.41813145,-82.359798,459.957,13953659.15,1250956.09,561.513
3991_A,38.41812985,-82.35981574,459.963,13953658.64,1250951,561.519
3992_A,38.41812819,-82.35983341,459.936,13953658.11,1250945.929,561.492
3993_A,38.41812649,-82.35985107,459.93,13953657.57,1250940.862,561.486
3994_A,38.41812488,-82.35986873,459.911,13953657.05,1250935.796,561.467
3995_A,38.41812329,-82.3598864,459.935,13953656.55,1250930.725,561.491
3996_A,38.41812164,-82.35990405,459.894,13953656.02,1250925.662,561.449
3997_A,38.41812,-82.35992168,459.895,13953655.5,1250920.604,561.451
3998_A,38.41811839,-82.35993929,459.919,13953654.99,1250915.549,561.474
3999_A,38.41811683,-82.35995696,459.92,13953654.49,1250910.482,561.476
4000_A,38.41811513,-82.35997453,459.927,13953653.95,1250905.438,561.482
4001_A,38.41811352,-82.35999215,459.932,13953653.44,1250900.385,561.487
4002_A,38.41811195,-82.36000975,459.933,13953652.94,1250895.333,561.488
4003_A,38.41811033,-82.36002735,459.91,13953652.43,1250890.285,561.465
4004_A,38.41810872,-82.36004483,459.915,13953651.91,1250885.27,561.47
4005_A,38.41810715,-82.36006243,459.936,13953651.42,1250880.22,561.491
4006_A,38.41810551,-82.36007993,459.921,13953650.89,1250875.197,561.476
4007_A,38.41810397,-82.36009744,459.952,13953650.41,1250870.175,561.507
4008_A,38.41810231,-82.36011494,459.921,13953649.88,1250865.154,561.476
4009_A,38.4181007,-82.36013239,459.952,13953649.36,1250860.148,561.506
4010_A,38.41809905,-82.36014985,459.953,13953648.84,1250855.136,561.508
4011_A,38.41809743,-82.36016728,459.959,13953648.32,1250850.135,561.514
4012_A,38.4180958,-82.36018467,459.956,13953647.8,1250845.145,561.511
4013_A,38.41809414,-82.36020215,459.94,13953647.27,1250840.129,561.495
4014_A,38.41809259,-82.36021954,459.948,13953646.78,1250835.141,561.502
4015_A,38.41809095,-82.36023695,459.957,13953646.26,1250830.146,561.511
4016_A,38.41808937,-82.36025434,459.966,13953645.75,1250825.155,561.52
4017_A,38.41808776,-82.36027171,459.943,13953645.24,1250820.171,561.498
4018_A,38.41808617,-82.36028909,459.926,13953644.74,1250815.187,561.48
4019_A,38.41808458,-82.36030647,459.93,13953644.23,1250810.2,561.484
4020_A,38.41808297,-82.36032384,459.947,13953643.72,1250805.214,561.501
4021_A,38.41807973,-82.36035854,459.925,13953642.69,1250795.26,561.48
4022_A,38.41807814,-82.3603759,459.921,13953642.18,1250790.279,561.475
4023_A,38.41807651,-82.36039324,459.92,13953641.66,1250785.303,561.474
4024_A,38.41807491,-82.36041058,459.914,13953641.15,1250780.328,561.468
4025_A,38.41807332,-82.36042791,459.887,13953640.65,1250775.354,561.441
4026_A,38.41807014,-82.36046254,459.885,13953639.64,1250765.42,561.439
4027_A,38.41806695,-82.36049703,459.902,13953638.62,1250755.525,561.456
4028_A,38.41806376,-82.36053156,459.91,13953637.6,1250745.617,561.464
4029_A,38.41806047,-82.36056597,459.886,13953636.55,1250735.743,561.44
4030_A,38.41805733,-82.36060047,459.892,13953635.55,1250725.843,561.445
4031_A,38.41805412,-82.36063494,459.882,13953634.53,1250715.953,561.436
4032_A,38.41805085,-82.36066938,459.883,13953633.49,1250706.072,561.436
4033_A,38.41804769,-82.36070392,459.874,13953632.48,1250696.162,561.427
4034_A,38.41804449,-82.36073839,459.864,13953631.46,1250686.271,561.417
4035_A,38.41804132,-82.36077296,459.856,13953630.46,1250676.353,561.409
4036_A,38.41803807,-82.36080745,459.848,13953629.42,1250666.456,561.401
4037_A,38.41803481,-82.36084191,459.862,13953628.37,1250656.568,561.415
4038_A,38.41803169,-82.36087624,459.908,13953627.39,1250646.72,561.461
4039_A,38.4180285,-82.36091051,459.906,13953626.37,1250636.885,561.459
4040_A,38.41802543,-82.36094468,459.934,13953625.4,1250627.081,561.486
4041_A,38.41802303,-82.36097018,459.929,13953624.63,1250619.766,561.482
4042_A,38.41802071,-82.36099556,459.934,13953623.89,1250612.483,561.487
4043_A,38.41801758,-82.36102924,459.929,13953622.9,1250602.82,561.481
4044_A,38.41801524,-82.36105443,459.914,13953622.15,1250595.594,561.467
4045_A,38.4180129,-82.36107948,459.89,13953621.4,1250588.404,561.442
4046_A,38.41800981,-82.36111266,459.881,13953620.42,1250578.886,561.434
4047_A,38.41800752,-82.36113738,459.867,13953619.69,1250571.792,561.42
4048_A,38.41800528,-82.36116195,459.904,13953618.98,1250564.744,561.456
4049_A,38.41800228,-82.36119459,459.911,13953618.02,1250555.378,561.463
4050_A,38.4179999,-82.36121885,459.897,13953617.26,1250548.417,561.449
4051_A,38.41799765,-82.36124296,459.917,13953616.54,1250541.498,561.469
4052_A,38.41799468,-82.36127485,459.906,13953615.6,1250532.348,561.458
4053_A,38.41799245,-82.36129849,459.932,13953614.89,1250525.566,561.484
4054_A,38.41799034,-82.3613218,459.912,13953614.21,1250518.877,561.464
4055_A,38.41798749,-82.36135248,459.912,13953613.31,1250510.075,561.464
4056_A,38.41798542,-82.36137521,459.912,13953612.65,1250503.553,561.464
4057_A,38.41798336,-82.36139768,459.888,13953612,1250497.107,561.44
4058_A,38.41798061,-82.36142721,459.884,13953611.12,1250488.634,561.436
4059_A,38.41797857,-82.36144909,459.907,13953610.47,1250482.357,561.459
4060_A,38.41797659,-82.36147056,459.894,13953609.84,1250476.194,561.445
4061_A,38.41797399,-82.36149852,459.924,13953609.01,1250468.172,561.476
4062_A,38.41797211,-82.36151862,459.881,13953608.41,1250462.405,561.432
4063_A,38.41797029,-82.36153788,459.894,13953607.83,1250456.881,561.446
4064_A,38.41796802,-82.3615622,459.904,13953607.11,1250449.902,561.456
4065_A,38.41796587,-82.36158488,459.944,13953606.42,1250443.394,561.495
4066_A,38.41796395,-82.36160588,459.946,13953605.81,1250437.369,561.497
4067_A,38.41796216,-82.36162549,459.987,13953605.24,1250431.743,561.538
4068_A,38.41796045,-82.36164378,459.98,13953604.7,1250426.494,561.531
4069_A,38.41795814,-82.3616691,459.984,13953603.96,1250419.229,561.535
4070_A,38.417956,-82.36169211,459.995,13953603.28,1250412.628,561.546
4071_A,38.41795434,-82.36171048,460.012,13953602.75,1250407.357,561.563
4072_A,38.41795265,-82.36172866,460.008,13953602.21,1250402.139,561.559
4073_A,38.41795099,-82.36174692,460.056,13953601.69,1250396.901,561.607
4074_A,38.4179492,-82.36176586,460.057,13953601.12,1250391.468,561.607
4075_A,38.41794745,-82.36178574,460.05,13953600.56,1250385.763,561.6
4076_A,38.41794549,-82.36180673,460.036,13953599.94,1250379.74,561.587
4077_A,38.4179435,-82.36182778,460.059,13953599.3,1250373.702,561.61
4078_A,38.41794158,-82.36184857,460.058,13953598.69,1250367.737,561.609
4079_A,38.41793954,-82.36186995,460.07,13953598.04,1250361.601,561.621
4080_A,38.4179375,-82.3618928,460.064,13953597.39,1250355.044,561.614
4081_A,38.41793575,-82.36191254,460.087,13953596.84,1250349.381,561.638
4082_A,38.41793379,-82.36193362,460.084,13953596.22,1250343.334,561.634
4083_A,38.41793182,-82.36195605,460.048,13953595.59,1250336.9,561.598
4084_A,38.41793026,-82.36197362,460.061,13953595.1,1250331.856,561.611
4085_A,38.41792848,-82.36199183,460.036,13953594.53,1250326.631,561.587
4086_A,38.41792609,-82.36201694,460.017,13953593.76,1250319.427,561.568
4087_A,38.41792432,-82.36203637,460.043,13953593.2,1250313.853,561.593
4088_A,38.41792248,-82.36205629,460.005,13953592.62,1250308.137,561.555
4089_A,38.41791998,-82.36208365,460.019,13953591.82,1250300.286,561.569
4090_A,38.41791802,-82.36210471,459.98,13953591.2,1250294.244,561.53
4091_A,38.41791602,-82.36212622,460.012,13953590.56,1250288.072,561.561
4092_A,38.4179133,-82.36215546,459.982,13953589.7,1250279.683,561.531
4093_A,38.4179112,-82.36217784,459.977,13953589.03,1250273.262,561.527
4094_A,38.41790913,-82.3622006,459.99,13953588.37,1250266.732,561.539
4095_A,38.41790632,-82.36223148,460.006,13953587.47,1250257.871,561.555
4096_A,38.41790415,-82.36225518,460.02,13953586.79,1250251.072,561.569
4097_A,38.41790189,-82.36227918,459.98,13953586.07,1250244.184,561.53
4098_A,38.4178989,-82.3623118,459.987,13953585.11,1250234.827,561.536
4099_A,38.41789661,-82.36233672,459.994,13953584.39,1250227.675,561.544
4100_A,38.41789435,-82.362362,459.995,13953583.67,1250220.423,561.545
4101_A,38.41789122,-82.36239617,459.99,13953582.68,1250210.619,561.539
4102_A,38.41788886,-82.362422,459.975,13953581.92,1250203.208,561.524
4103_A,38.41788648,-82.36244786,459.975,13953581.17,1250195.787,561.524
4104_A,38.41788332,-82.36248236,459.979,13953580.16,1250185.888,561.528
4105_A,38.41788093,-82.36250813,459.964,13953579.4,1250178.495,561.513
4106_A,38.41787857,-82.36253392,459.964,13953578.65,1250171.095,561.513
4107_A,38.41787538,-82.36256814,459.955,13953577.63,1250161.276,561.504
4108_A,38.41787305,-82.36259376,459.941,13953576.89,1250153.926,561.49
4109_A,38.41787073,-82.3626194,459.957,13953576.16,1250146.57,561.506
4110_A,38.41786763,-82.36265358,459.926,13953575.17,1250136.764,561.475
4111_A,38.4178652,-82.36267921,459.9,13953574.4,1250129.41,561.448
4112_A,38.41786283,-82.36270487,459.921,13953573.65,1250122.046,561.469
4113_A,38.41785971,-82.36273908,459.904,13953572.66,1250112.23,561.453
4114_A,38.41785732,-82.36276483,459.919,13953571.89,1250104.842,561.468
4115_A,38.41785497,-82.36279061,459.939,13953571.15,1250097.447,561.487
4116_A,38.41785174,-82.36282509,459.907,13953570.12,1250087.553,561.455
4117_A,38.41784935,-82.362851,459.932,13953569.36,1250080.118,561.48
4118_A,38.41784696,-82.36287701,459.949,13953568.6,1250072.656,561.497
4119_A,38.41784533,-82.36289439,459.938,13953568.08,1250067.67,561.486
4120_A,38.41784373,-82.36291179,459.936,13953567.57,1250062.676,561.484
4121_A,38.41784216,-82.36292923,459.941,13953567.07,1250057.674,561.489
4122_A,38.41784052,-82.36294663,459.964,13953566.55,1250052.68,561.512
4123_A,38.41783882,-82.36296412,459.947,13953566,1250047.663,561.495
4124_A,38.4178372,-82.36298163,459.98,13953565.49,1250042.637,561.528
4125_A,38.41783556,-82.36299914,459.964,13953564.96,1250037.614,561.512
4126_A,38.41783397,-82.3630167,459.974,13953564.46,1250032.576,561.522
4127_A,38.41783236,-82.36303423,459.969,13953563.95,1250027.545,561.516
4128_A,38.41783081,-82.3630518,459.981,13953563.46,1250022.505,561.529
4129_A,38.41782915,-82.36306942,459.967,13953562.93,1250017.448,561.515
4130_A,38.41782756,-82.36308707,459.991,13953562.42,1250012.386,561.539
4131_A,38.41782587,-82.36310474,459.981,13953561.88,1250007.316,561.528
4132_A,38.41782431,-82.3631224,460.017,13953561.39,1250002.247,561.564
4133_A,38.41782267,-82.3631401,459.997,13953560.87,1249997.168,561.544
4134_A,38.41782102,-82.36315778,459.996,13953560.34,1249992.096,561.543
4135_A,38.41781936,-82.36317547,460.025,13953559.81,1249987.021,561.572
4136_A,38.41781774,-82.36319324,460.038,13953559.3,1249981.922,561.586
4137_A,38.41781605,-82.36321105,460.019,13953558.76,1249976.812,561.566
4138_A,38.4178144,-82.36322882,460.049,13953558.23,1249971.712,561.596
4139_A,38.41781275,-82.36324663,460.027,13953557.71,1249966.605,561.574
4140_A,38.41781113,-82.36326449,460.055,13953557.19,1249961.479,561.603
4141_A,38.41780945,-82.36328234,460.047,13953556.66,1249956.359,561.594
4142_A,38.41780782,-82.36330023,460.055,13953556.14,1249951.225,561.602
4143_A,38.41780611,-82.36331813,460.034,13953555.59,1249946.088,561.581
4144_A,38.41780452,-82.36333607,460.05,13953555.09,1249940.942,561.597
4145_A,38.4178028,-82.36335403,460.061,13953554.54,1249935.788,561.608
4146_A,38.41780115,-82.3633721,460.08,13953554.01,1249930.603,561.627
4147_A,38.41779949,-82.36339014,460.062,13953553.49,1249925.427,561.609
4148_A,38.41779783,-82.3634083,460.076,13953552.96,1249920.218,561.623
4149_A,38.41779612,-82.3634265,460.078,13953552.41,1249914.994,561.625
4150_A,38.41779442,-82.36344477,460.091,13953551.88,1249909.751,561.637
4151_A,38.41779271,-82.36346305,460.088,13953551.33,1249904.507,561.635
4152_A,38.41779104,-82.3634814,460.084,13953550.8,1249899.241,561.63
4153_A,38.41778934,-82.36349985,460.068,13953550.26,1249893.948,561.614
4154_A,38.41778762,-82.36351831,460.085,13953549.71,1249888.651,561.631
4155_A,38.41778589,-82.36353688,460.07,13953549.16,1249883.325,561.617
4156_A,38.41778422,-82.36355544,460.052,13953548.63,1249877.999,561.599
4157_A,38.41778244,-82.36357403,460.057,13953548.06,1249872.664,561.603
4158_A,38.4177807,-82.36359276,460.054,13953547.51,1249867.29,561.601
4159_A,38.41777897,-82.36361147,460.072,13953546.96,1249861.921,561.618
4160_A,38.4177772,-82.36363018,460.079,13953546.39,1249856.553,561.625
4161_A,38.41777549,-82.36364896,460.081,13953545.85,1249851.165,561.627
4162_A,38.41777373,-82.36366776,460.077,13953545.28,1249845.77,561.623
4163_A,38.41777194,-82.36368664,460.087,13953544.72,1249840.355,561.633
4164_A,38.41777021,-82.36370553,460.099,13953544.16,1249834.933,561.645
4165_A,38.41776846,-82.36372445,460.112,13953543.61,1249829.506,561.658
4166_A,38.41776666,-82.36374342,460.095,13953543.03,1249824.063,561.641
4167_A,38.41776492,-82.36376243,460.078,13953542.48,1249818.609,561.624
4168_A,38.41776314,-82.36378147,460.082,13953541.91,1249813.146,561.628
4169_A,38.41776139,-82.36380054,460.079,13953541.36,1249807.673,561.625
4170_A,38.41775962,-82.36381964,460.096,13953540.79,1249802.193,561.642
4171_A,38.41775786,-82.3638388,460.074,13953540.23,1249796.695,561.62
4172_A,38.41775604,-82.36385802,460.062,13953539.65,1249791.181,561.608
4173_A,38.41775427,-82.36387725,460.063,13953539.09,1249785.663,561.609
4174_A,38.41775254,-82.36389649,460.064,13953538.54,1249780.141,561.609
4175_A,38.41775075,-82.36391579,460.059,13953537.97,1249774.606,561.604
4176_A,38.41774896,-82.36393508,460.071,13953537.4,1249769.069,561.617
4177_A,38.41774721,-82.36395443,460.078,13953536.84,1249763.52,561.623
4178_A,38.41774549,-82.36397382,460.108,13953536.3,1249757.956,561.653
4179_A,38.41774372,-82.36399317,460.093,13953535.74,1249752.402,561.639
4180_A,38.41774197,-82.3640126,460.105,13953535.18,1249746.83,561.651
4181_A,38.41774018,-82.36403197,460.104,13953534.61,1249741.272,561.65
4182_A,38.41773832,-82.36405135,460.101,13953534.02,1249735.711,561.646
4183_A,38.41773652,-82.36407076,460.123,13953533.45,1249730.141,561.668
4184_A,38.41773474,-82.36409022,460.116,13953532.88,1249724.557,561.661
4185_A,38.41773294,-82.36410964,460.119,13953532.31,1249718.985,561.664
4186_A,38.41773111,-82.36412911,460.098,13953531.72,1249713.398,561.643
4187_A,38.41772936,-82.36414858,460.117,13953531.17,1249707.812,561.662
4188_A,38.41772759,-82.36416807,460.139,13953530.61,1249702.221,561.684
4189_A,38.41772578,-82.36418755,460.135,13953530.03,1249696.633,561.68
4190_A,38.41772399,-82.36420703,460.137,13953529.46,1249691.044,561.682
4191_A,38.41772218,-82.36422649,460.138,13953528.89,1249685.46,561.683
4192_A,38.41772041,-82.36424597,460.127,13953528.33,1249679.871,561.672
4193_A,38.41771865,-82.36426543,460.144,13953527.76,1249674.286,561.688
4194_A,38.41771682,-82.3642849,460.134,13953527.18,1249668.7,561.679
4195_A,38.41771511,-82.36430434,460.158,13953526.64,1249663.123,561.702
4196_A,38.41771336,-82.36432382,460.164,13953526.09,1249657.533,561.709
4197_A,38.4177115,-82.36434331,460.16,13953525.49,1249651.942,561.705
4198_A,38.41770974,-82.36436277,460.162,13953524.93,1249646.359,561.707
4199_A,38.41770795,-82.36438221,460.158,13953524.36,1249640.779,561.703
4200_A,38.41770614,-82.36440168,460.128,13953523.79,1249635.193,561.672
4201_A,38.41770431,-82.36442111,460.139,13953523.21,1249629.619,561.683
4202_A,38.41770256,-82.36444058,460.143,13953522.65,1249624.032,561.687
4203_A,38.41770086,-82.36446006,460.144,13953522.11,1249618.443,561.688
4204_A,38.417699,-82.36447953,460.14,13953521.52,1249612.857,561.684
4205_A,38.41769724,-82.36449902,460.167,13953520.96,1249607.265,561.711
4206_A,38.41769542,-82.36451852,460.15,13953520.38,1249601.669,561.694
4207_A,38.41769363,-82.36453801,460.133,13953519.81,1249596.078,561.677
4208_A,38.41769187,-82.36455747,460.139,13953519.25,1249590.494,561.683
4209_A,38.41769012,-82.36457698,460.131,13953518.7,1249584.897,561.675
4210_A,38.41768829,-82.36459651,460.112,13953518.11,1249579.294,561.656
4211_A,38.41768648,-82.36461601,460.133,13953517.54,1249573.697,561.677
4212_A,38.41768472,-82.3646355,460.107,13953516.98,1249568.107,561.651
4213_A,38.41768288,-82.36465494,460.123,13953516.39,1249562.527,561.667
4214_A,38.41768104,-82.36467431,460.103,13953515.81,1249556.97,561.647
4215_A,38.41767935,-82.36469369,460.134,13953515.27,1249551.409,561.677
4216_A,38.41767761,-82.36471294,460.151,13953514.72,1249545.887,561.695
4217_A,38.41767586,-82.36473226,460.135,13953514.17,1249540.344,561.679
4218_A,38.41767406,-82.36475148,460.135,13953513.59,1249534.829,561.679
4219_A,38.41767231,-82.3647707,460.138,13953513.04,1249529.315,561.682
4220_A,38.41767049,-82.36478991,460.153,13953512.45,1249523.802,561.697
4221_A,38.41766876,-82.36480913,460.152,13953511.91,1249518.288,561.695
4222_A,38.41766702,-82.36482841,460.143,13953511.36,1249512.755,561.687
4223_A,38.41766522,-82.36484767,460.166,13953510.78,1249507.231,561.709
4224_A,38.41766348,-82.36486692,460.145,13953510.23,1249501.708,561.689
4225_A,38.41766169,-82.36488618,460.172,13953509.66,1249496.18,561.716
4226_A,38.41765988,-82.36490548,460.175,13953509.08,1249490.644,561.718
4227_A,38.4176581,-82.36492479,460.193,13953508.52,1249485.104,561.736
4228_A,38.41765629,-82.36494409,460.173,13953507.94,1249479.564,561.716
4229_A,38.41765453,-82.36496342,460.178,13953507.38,1249474.019,561.721
4230_A,38.41765275,-82.36498274,460.158,13953506.82,1249468.475,561.701
4231_A,38.41765097,-82.36500214,460.126,13953506.25,1249462.91,561.669
4232_A,38.41764924,-82.36502153,460.165,13953505.7,1249457.346,561.708
4233_A,38.41764735,-82.36504087,460.164,13953505.09,1249451.796,561.706
4234_A,38.41764557,-82.36506032,460.148,13953504.53,1249446.215,561.69
4235_A,38.41764383,-82.36507974,460.165,13953503.98,1249440.645,561.708
4236_A,38.41764198,-82.36509917,460.179,13953503.39,1249435.068,561.721
4237_A,38.41764021,-82.36511863,460.168,13953502.82,1249429.486,561.711
4238_A,38.41763848,-82.36513812,460.172,13953502.28,1249423.894,561.715
4239_A,38.41763668,-82.36515765,460.184,13953501.71,1249418.291,561.726
4240_A,38.41763489,-82.36517711,460.198,13953501.14,1249412.706,561.74
4241_A,38.41763313,-82.36519667,460.202,13953500.58,1249407.095,561.745
4242_A,38.4176313,-82.36521613,460.202,13953500,1249401.51,561.745
4243_A,38.41762945,-82.36523562,460.179,13953499.4,1249395.917,561.722
4244_A,38.41762771,-82.36525515,460.192,13953498.86,1249390.314,561.735
4245_A,38.41762587,-82.36527462,460.172,13953498.27,1249384.729,561.715
4246_A,38.41762414,-82.36529417,460.185,13953497.72,1249379.119,561.727
4247_A,38.41762238,-82.36531361,460.174,13953497.16,1249373.542,561.717
4248_A,38.41762058,-82.36533314,460.198,13953496.59,1249367.939,561.74
4249_A,38.4176188,-82.36535265,460.175,13953496.02,1249362.34,561.717
4250_A,38.41761697,-82.36537205,460.201,13953495.44,1249356.773,561.743
4251_A,38.41761515,-82.36539158,460.198,13953494.86,1249351.17,561.74
4252_A,38.41761338,-82.36541105,460.193,13953494.3,1249345.583,561.735
4253_A,38.41761156,-82.36543052,460.195,13953493.72,1249339.996,561.737
4254_A,38.41760975,-82.36544998,460.176,13953493.14,1249334.413,561.718
4255_A,38.41760793,-82.36546941,460.158,13953492.56,1249328.838,561.7
4256_A,38.41760617,-82.36548887,460.167,13953492,1249323.256,561.709
4257_A,38.41760436,-82.36550829,460.146,13953491.43,1249317.682,561.687
4258_A,38.41760258,-82.36552772,460.147,13953490.86,1249312.109,561.689
4259_A,38.41760076,-82.36554708,460.14,13953490.28,1249306.553,561.682
4260_A,38.41759902,-82.36556643,460.141,13953489.73,1249301,561.682
4261_A,38.41759728,-82.3655858,460.129,13953489.18,1249295.444,561.671
4262_A,38.41759544,-82.36560505,460.111,13953488.59,1249289.921,561.652
4263_A,38.41759372,-82.36562423,460.112,13953488.05,1249284.418,561.654
4264_A,38.41759192,-82.36564341,460.089,13953487.47,1249278.913,561.631
4265_A,38.41759016,-82.36566251,460.108,13953486.91,1249273.435,561.649
4266_A,38.41758838,-82.36568149,460.104,13953486.34,1249267.988,561.646
4267_A,38.41758664,-82.36570051,460.088,13953485.79,1249262.53,561.629
4268_A,38.41758487,-82.36571942,460.083,13953485.23,1249257.104,561.625
4269_A,38.41758316,-82.36573837,460.078,13953484.69,1249251.668,561.62
4270_A,38.41758149,-82.36575716,460.076,13953484.16,1249246.277,561.617
4271_A,38.41757974,-82.36577594,460.08,13953483.6,1249240.89,561.621
4272_A,38.41757808,-82.36579464,460.05,13953483.08,1249235.524,561.591
4273_A,38.41757627,-82.36581332,460.063,13953482.49,1249230.162,561.604
4274_A,38.41757464,-82.36583189,460.051,13953481.98,1249224.835,561.592
4275_A,38.41757292,-82.36585046,460.054,13953481.43,1249219.507,561.595
4276_A,38.41757122,-82.36586898,460.051,13953480.89,1249214.194,561.592
4277_A,38.41756953,-82.36588742,460.055,13953480.36,1249208.903,561.596
4278_A,38.41756781,-82.36590575,460.075,13953479.81,1249203.643,561.615
4279_A,38.41756616,-82.36592412,460.044,13953479.28,1249198.374,561.585
4280_A,38.41756449,-82.36594236,460.05,13953478.75,1249193.138,561.591
4281_A,38.41756285,-82.36596051,460.073,13953478.23,1249187.933,561.614
4282_A,38.41756112,-82.36597865,460.064,13953477.68,1249182.726,561.604
4283_A,38.41755951,-82.36599675,460.073,13953477.17,1249177.535,561.613
4284_A,38.41755779,-82.36601471,460.083,13953476.62,1249172.381,561.623
4285_A,38.41755616,-82.36603271,460.076,13953476.11,1249167.217,561.616
4286_A,38.41755453,-82.36605063,460.087,13953475.59,1249162.074,561.627
4287_A,38.41755288,-82.36606849,460.082,13953475.06,1249156.95,561.622
4288_A,38.41755122,-82.36608628,460.051,13953474.54,1249151.844,561.592
4289_A,38.41754963,-82.36610405,460.076,13953474.03,1249146.747,561.617
4290_A,38.41754799,-82.36612176,460.083,13953473.51,1249141.666,561.623
4291_A,38.4175463,-82.36613943,460.073,13953472.97,1249136.596,561.613
4292_A,38.41754472,-82.36615708,460.108,13953472.47,1249131.531,561.648
4293_A,38.41754309,-82.36617468,460.102,13953471.95,1249126.483,561.642
4294_A,38.41754142,-82.36619224,460.112,13953471.41,1249121.444,561.652
4295_A,38.41753985,-82.36620978,460.082,13953470.92,1249116.409,561.623
4296_A,38.41753823,-82.36622723,460.108,13953470.4,1249111.403,561.648
4297_A,38.41753669,-82.36624465,460.125,13953469.92,1249106.406,561.665
4298_A,38.41753512,-82.36626207,460.128,13953469.42,1249101.408,561.668
4299_A,38.41753351,-82.36627948,460.146,13953468.91,1249096.413,561.686
4300_A,38.41753185,-82.36629685,460.154,13953468.38,1249091.428,561.694
4301_A,38.41753026,-82.36631422,460.159,13953467.87,1249086.443,561.699
4302_A,38.41752863,-82.3663316,460.192,13953467.35,1249081.457,561.732
4303_A,38.41752694,-82.36634893,460.179,13953466.81,1249076.485,561.719
4304_A,38.4175238,-82.36638354,460.201,13953465.81,1249066.555,561.74
4305_A,38.41752224,-82.36640091,460.185,13953465.32,1249061.572,561.725
4306_A,38.41751902,-82.36643553,460.217,13953464.29,1249051.638,561.757
4307_A,38.41751584,-82.36647012,460.206,13953463.28,1249041.713,561.746
4308_A,38.4175126,-82.3665047,460.233,13953462.25,1249031.791,561.772
4309_A,38.41750941,-82.3665393,460.249,13953461.24,1249021.863,561.789
4310_A,38.41750694,-82.36656519,460.241,13953460.45,1249014.435,561.78
4311_A,38.41750457,-82.36659115,460.222,13953459.69,1249006.985,561.761
4312_A,38.41750299,-82.36660855,460.247,13953459.19,1249001.994,561.786
4313_A,38.41750137,-82.36662593,460.218,13953458.67,1248997.006,561.757
4314_A,38.41749983,-82.36664337,460.221,13953458.19,1248992.003,561.761
4315_A,38.4174983,-82.36666085,460.243,13953457.71,1248986.987,561.782
4316_A,38.41749664,-82.36667837,460.262,13953457.18,1248981.96,561.801
4317_A,38.41749508,-82.36669601,460.279,13953456.68,1248976.9,561.818
4318_A,38.4174934,-82.36671367,460.264,13953456.15,1248971.833,561.803
4319_A,38.4174918,-82.36673139,460.27,13953455.64,1248966.748,561.809
4320_A,38.41749013,-82.36674914,460.257,13953455.11,1248961.654,561.796
4321_A,38.41748848,-82.36676698,460.285,13953454.58,1248956.537,561.824
4322_A,38.41748688,-82.36678483,460.29,13953454.08,1248951.415,561.829
4323_A,38.41748521,-82.36680278,460.298,13953453.54,1248946.264,561.837
4324_A,38.41748357,-82.36682081,460.304,13953453.02,1248941.093,561.843
4325_A,38.41748185,-82.36683892,460.306,13953452.47,1248935.894,561.845
4326_A,38.41748011,-82.36685708,460.319,13953451.92,1248930.684,561.857
4327_A,38.4174784,-82.36687536,460.325,13953451.37,1248925.44,561.864
4328_A,38.41747672,-82.36689371,460.316,13953450.84,1248920.173,561.855
4329_A,38.41747504,-82.36691214,460.343,13953450.31,1248914.887,561.881
4330_A,38.41747335,-82.36693066,460.344,13953449.77,1248909.574,561.882
4331_A,38.41747168,-82.36694927,460.369,13953449.24,1248904.232,561.907
4332_A,38.41746994,-82.36696798,460.377,13953448.69,1248898.864,561.915
4333_A,38.41746818,-82.36698677,460.405,13953448.12,1248893.474,561.943
4334_A,38.41746643,-82.36700563,460.414,13953447.57,1248888.062,561.953
4335_A,38.41746467,-82.36702461,460.45,13953447.01,1248882.617,561.989
4336_A,38.41746294,-82.36704359,460.433,13953446.46,1248877.17,561.971
4337_A,38.4174612,-82.36706273,460.442,13953445.91,1248871.678,561.98
4338_A,38.41745947,-82.36708189,460.433,13953445.36,1248866.182,561.971
4339_A,38.4174577,-82.36710117,460.444,13953444.8,1248860.65,561.982
4340_A,38.41745595,-82.3671205,460.461,13953444.24,1248855.102,561.999
4341_A,38.4174542,-82.3671399,460.455,13953443.69,1248849.536,561.993
4342_A,38.41745241,-82.36715928,460.434,13953443.12,1248843.975,561.972
4343_A,38.41745064,-82.36717889,460.454,13953442.56,1248838.35,561.992
4344_A,38.41744886,-82.36719853,460.46,13953441.99,1248832.715,561.998
4345_A,38.41744705,-82.36721823,460.432,13953441.42,1248827.063,561.97
4346_A,38.41744522,-82.36723794,460.431,13953440.83,1248821.408,561.969
4347_A,38.41744338,-82.36725772,460.445,13953440.25,1248815.732,561.983
4348_A,38.41744158,-82.36727762,460.428,13953439.68,1248810.023,561.966
4349_A,38.4174397,-82.36729749,460.438,13953439.08,1248804.321,561.975
4350_A,38.41743793,-82.36731743,460.436,13953438.52,1248798.601,561.973
4351_A,38.41743609,-82.36733738,460.445,13953437.93,1248792.876,561.982
4352_A,38.41743424,-82.36735736,460.454,13953437.34,1248787.142,561.992
4353_A,38.41743242,-82.36737735,460.468,13953436.77,1248781.409,562.006
4354_A,38.41743054,-82.36739738,460.446,13953436.16,1248775.66,561.984
4355_A,38.41742868,-82.36741739,460.485,13953435.57,1248769.919,562.023
4356_A,38.41742686,-82.36743737,460.53,13953434.99,1248764.185,562.067
4357_A,38.41742495,-82.36745735,460.518,13953434.38,1248758.454,562.056
4358_A,38.41742319,-82.36747721,460.533,13953433.83,1248752.754,562.07
4359_A,38.41742136,-82.36749702,460.541,13953433.25,1248747.071,562.078
4360_A,38.41741956,-82.36751678,460.546,13953432.68,1248741.402,562.084
4361_A,38.4174178,-82.36753646,460.55,13953432.12,1248735.756,562.087
4362_A,38.41741599,-82.36755608,460.583,13953431.54,1248730.127,562.12
4363_A,38.41741416,-82.3675756,460.583,13953430.96,1248724.526,562.12
4364_A,38.41741242,-82.36759512,460.599,13953430.41,1248718.924,562.136
4365_A,38.41741065,-82.36761452,460.619,13953429.85,1248713.359,562.156
4366_A,38.41740883,-82.36763386,460.62,13953429.26,1248707.81,562.156
4367_A,38.41740703,-82.36765315,460.614,13953428.69,1248702.274,562.151
4368_A,38.41740523,-82.36767241,460.611,13953428.12,1248696.747,562.148
4369_A,38.41740341,-82.36769161,460.659,13953427.54,1248691.237,562.196
4370_A,38.41740167,-82.36771085,460.663,13953426.99,1248685.717,562.2
4371_A,38.41739993,-82.36773003,460.669,13953426.43,1248680.216,562.205
4372_A,38.41739813,-82.36774921,460.657,13953425.86,1248674.712,562.194
4373_A,38.41739631,-82.36776838,460.673,13953425.28,1248669.213,562.209
4374_A,38.41739458,-82.36778753,460.672,13953424.73,1248663.717,562.209
4375_A,38.41739278,-82.36780666,460.665,13953424.16,1248658.226,562.201
4376_A,38.41739105,-82.36782576,460.677,13953423.61,1248652.749,562.213
4377_A,38.41738934,-82.36784484,460.676,13953423.07,1248647.273,562.212
4378_A,38.4173876,-82.36786395,460.683,13953422.52,1248641.789,562.219
4379_A,38.4173858,-82.36788294,460.688,13953421.94,1248636.342,562.225
4380_A,38.41738412,-82.36790203,460.71,13953421.41,1248630.864,562.246
4381_A,38.4173823,-82.36792106,460.72,13953420.83,1248625.405,562.256
4382_A,38.41738056,-82.36794004,460.747,13953420.27,1248619.957,562.283
4383_A,38.41737877,-82.36795902,460.734,13953419.7,1248614.511,562.27
4384_A,38.4173771,-82.36797802,460.72,13953419.18,1248609.062,562.256
4385_A,38.41737533,-82.36799695,460.767,13953418.61,1248603.63,562.303
4386_A,38.41737358,-82.36801594,460.758,13953418.06,1248598.182,562.294
4387_A,38.41737185,-82.36803488,460.735,13953417.51,1248592.748,562.27
4388_A,38.41737007,-82.36805378,460.757,13953416.94,1248587.323,562.293
4389_A,38.41736834,-82.36807271,460.754,13953416.39,1248581.891,562.29
4390_A,38.41736657,-82.3680916,460.753,13953415.83,1248576.471,562.289
4391_A,38.41736478,-82.36811042,460.757,13953415.26,1248571.073,562.293
4392_A,38.41736303,-82.36812934,460.742,13953414.7,1248565.642,562.278
4393_A,38.41736132,-82.36814815,460.784,13953414.15,1248560.245,562.32
4394_A,38.41735956,-82.36816697,460.784,13953413.6,1248554.845,562.319
4395_A,38.41735782,-82.36818584,460.786,13953413.04,1248549.43,562.321
4396_A,38.41735612,-82.36820461,460.83,13953412.5,1248544.046,562.365
4397_A,38.41735435,-82.36822344,460.802,13953411.94,1248538.644,562.337
4398_A,38.4173526,-82.36824224,460.825,13953411.38,1248533.25,562.36
4399_A,38.41735088,-82.368261,460.826,13953410.84,1248527.865,562.361
4400_A,38.41734921,-82.36827981,460.822,13953410.31,1248522.47,562.358
4401_A,38.41734748,-82.36829868,460.802,13953409.76,1248517.055,562.337
4402_A,38.41734571,-82.36831745,460.839,13953409.19,1248511.671,562.374
4403_A,38.41734398,-82.36833627,460.826,13953408.64,1248506.269,562.361
4404_A,38.41734232,-82.36835513,460.847,13953408.12,1248500.858,562.382
4405_A,38.41734054,-82.36837397,460.847,13953407.55,1248495.453,562.383
4406_A,38.41733878,-82.36839283,460.836,13953406.99,1248490.042,562.371
4407_A,38.4173371,-82.36841169,460.869,13953406.46,1248484.63,562.404
4408_A,38.41733531,-82.36843053,460.851,13953405.89,1248479.224,562.386
4409_A,38.41733359,-82.36844937,460.851,13953405.34,1248473.817,562.386
4410_A,38.41733189,-82.36846819,460.856,13953404.8,1248468.419,562.391
4411_A,38.41733015,-82.36848702,460.893,13953404.25,1248463.015,562.428
4412_A,38.41732831,-82.3685058,460.876,13953403.66,1248457.626,562.41
4413_A,38.41732655,-82.36852464,460.893,13953403.1,1248452.221,562.427
4414_A,38.41732481,-82.36854336,460.912,13953402.54,1248446.849,562.447
4415_A,38.41732306,-82.36856217,460.92,13953401.99,1248441.452,562.455
4416_A,38.41732136,-82.36858091,460.93,13953401.45,1248436.077,562.464
4417_A,38.41731961,-82.36859968,460.923,13953400.89,1248430.69,562.457
4418_A,38.41731792,-82.36861843,460.962,13953400.36,1248425.31,562.497
4419_A,38.41731611,-82.36863714,460.966,13953399.77,1248419.94,562.501
4420_A,38.41731439,-82.3686558,460.958,13953399.23,1248414.587,562.493
4421_A,38.41731272,-82.36867463,460.98,13953398.7,1248409.185,562.514
4422_A,38.41731092,-82.36869329,460.979,13953398.12,1248403.83,562.513
4423_A,38.41730925,-82.368712,461.011,13953397.59,1248398.463,562.545
4424_A,38.41730753,-82.3687307,461.03,13953397.05,1248393.096,562.565
4425_A,38.4173058,-82.36874939,461.037,13953396.5,1248387.734,562.571
4426_A,38.41730413,-82.3687681,461.056,13953395.97,1248382.367,562.59
4427_A,38.41730239,-82.36878675,461.07,13953395.41,1248377.014,562.604
4428_A,38.41730063,-82.36880535,461.091,13953394.85,1248371.678,562.625
4429_A,38.4172989,-82.36882397,461.111,13953394.31,1248366.334,562.645
4430_A,38.41729718,-82.36884258,461.134,13953393.76,1248360.996,562.668
4431_A,38.41729546,-82.36886117,461.154,13953393.21,1248355.661,562.688
4432_A,38.41729367,-82.36887979,461.189,13953392.64,1248350.319,562.722
4433_A,38.41729197,-82.36889836,461.186,13953392.1,1248344.989,562.72
4434_A,38.41729026,-82.36891696,461.198,13953391.55,1248339.653,562.732
4435_A,38.41728854,-82.36893555,461.235,13953391.01,1248334.319,562.769
4436_A,38.4172868,-82.36895416,461.216,13953390.45,1248328.98,562.75
4437_A,38.41728512,-82.36897284,461.236,13953389.92,1248323.62,562.769
4438_A,38.41728332,-82.36899147,461.246,13953389.34,1248318.274,562.78
4439_A,38.41728167,-82.36901015,461.257,13953388.82,1248312.916,562.79
4440_A,38.41727997,-82.36902887,461.278,13953388.28,1248307.543,562.811
4441_A,38.41727818,-82.36904754,461.281,13953387.71,1248302.187,562.814
4442_A,38.41727649,-82.36906631,461.327,13953387.17,1248296.802,562.86
4443_A,38.41727475,-82.36908505,461.32,13953386.62,1248291.425,562.853
4444_A,38.41727301,-82.36910383,461.36,13953386.07,1248286.035,562.893
4445_A,38.41727129,-82.36912263,461.377,13953385.52,1248280.642,562.91
4446_A,38.41726951,-82.36914138,461.38,13953384.96,1248275.263,562.913
4447_A,38.41726774,-82.36916025,461.416,13953384.39,1248269.846,562.949
4448_A,38.41726603,-82.36917913,461.42,13953383.85,1248264.43,562.953
4449_A,38.41726421,-82.36919805,461.434,13953383.27,1248259.001,562.968
4450_A,38.41726247,-82.36921695,461.464,13953382.71,1248253.577,562.997
4451_A,38.41726069,-82.36923586,461.452,13953382.15,1248248.152,562.986
4452_A,38.41725899,-82.36925485,461.481,13953381.61,1248242.704,563.014
4453_A,38.41725726,-82.36927385,461.503,13953381.06,1248237.253,563.036
4454_A,38.41725556,-82.36929289,461.494,13953380.52,1248231.788,563.027
4455_A,38.41725387,-82.36931188,461.538,13953379.99,1248226.341,563.071
4456_A,38.41725208,-82.3693309,461.538,13953379.41,1248220.884,563.07
4457_A,38.41725035,-82.36935,461.542,13953378.87,1248215.405,563.075
4458_A,38.41724857,-82.36936908,461.562,13953378.3,1248209.93,563.094
4459_A,38.41724679,-82.36938816,461.587,13953377.73,1248204.454,563.12
4460_A,38.417245,-82.36940727,461.574,13953377.16,1248198.97,563.106
4461_A,38.41724319,-82.36942642,461.607,13953376.59,1248193.476,563.14
4462_A,38.41724143,-82.36944559,461.618,13953376.02,1248187.975,563.15
4463_A,38.41723965,-82.36946468,461.594,13953375.46,1248182.497,563.127
4464_A,38.41723798,-82.36948385,461.644,13953374.93,1248176.999,563.176
4465_A,38.41723615,-82.36950301,461.646,13953374.35,1248171.501,563.179
4466_A,38.41723446,-82.36952219,461.675,13953373.81,1248165.998,563.207
4467_A,38.41723263,-82.36954136,461.677,13953373.23,1248160.496,563.21
4468_A,38.41723086,-82.36956047,461.696,13953372.67,1248155.013,563.228
4469_A,38.41722915,-82.36957958,461.719,13953372.12,1248149.53,563.251
4470_A,38.4172274,-82.36959861,461.716,13953371.57,1248144.07,563.248
4471_A,38.41722571,-82.36961763,461.76,13953371.04,1248138.613,563.292
4472_A,38.41722391,-82.3696366,461.738,13953370.46,1248133.171,563.27
4473_A,38.41722228,-82.36965546,461.741,13953369.95,1248127.76,563.273
4474_A,38.41722048,-82.36967424,461.761,13953369.37,1248122.372,563.293
4475_A,38.41721874,-82.36969297,461.765,13953368.82,1248116.995,563.297
4476_A,38.41721708,-82.36971169,461.78,13953368.29,1248111.626,563.312
4477_A,38.41721535,-82.36973031,461.766,13953367.74,1248106.284,563.298
4478_A,38.41721361,-82.36974886,461.8,13953367.19,1248100.959,563.332
4479_A,38.41721198,-82.36976732,461.815,13953366.67,1248095.664,563.347
4480_A,38.4172103,-82.36978568,461.805,13953366.14,1248090.396,563.337
4481_A,38.41720864,-82.36980401,461.843,13953365.61,1248085.137,563.375
4482_A,38.41720685,-82.36982224,461.852,13953365.04,1248079.906,563.384
4483_A,38.41720525,-82.36984047,461.881,13953364.54,1248074.676,563.412
4484_A,38.41720351,-82.36985855,461.869,13953363.98,1248069.488,563.401
4485_A,38.41720183,-82.36987662,461.876,13953363.44,1248064.302,563.408
4486_A,38.41720019,-82.36989453,461.868,13953362.92,1248059.163,563.4
4487_A,38.41719852,-82.3699124,461.852,13953362.39,1248054.037,563.383
4488_A,38.4171969,-82.36993018,461.899,13953361.88,1248048.934,563.43
4489_A,38.4171953,-82.36994791,461.927,13953361.37,1248043.848,563.458
4490_A,38.41719363,-82.36996553,461.925,13953360.84,1248038.793,563.456
4491_A,38.41719204,-82.36998307,461.934,13953360.33,1248033.76,563.465
4492_A,38.41719041,-82.37000059,461.946,13953359.81,1248028.732,563.477
4493_A,38.41718882,-82.37001801,461.948,13953359.31,1248023.734,563.48
4494_A,38.41718723,-82.37003538,461.96,13953358.8,1248018.751,563.491
4495_A,38.41718485,-82.37006123,461.975,13953358.05,1248011.332,563.506
4496_A,38.41718246,-82.37008701,461.986,13953357.29,1248003.935,563.518
4497_A,38.41717929,-82.37012111,462.023,13953356.28,1247994.153,563.554
4498_A,38.41717695,-82.37014646,462.028,13953355.53,1247986.877,563.559
4499_A,38.41717459,-82.37017168,462.034,13953354.78,1247979.642,563.565
4500_A,38.41717156,-82.37020491,462.066,13953353.82,1247970.108,563.597
4501_A,38.4171693,-82.37022955,462.062,13953353.1,1247963.038,563.593
4502_A,38.41716706,-82.37025388,462.081,13953352.39,1247956.055,563.612
4503_A,38.41716412,-82.37028575,462.145,13953351.46,1247946.912,563.675
4504_A,38.41716197,-82.37030919,462.145,13953350.77,1247940.186,563.676
4505_A,38.41715981,-82.3703321,462.156,13953350.09,1247933.613,563.686
4506_A,38.4171571,-82.37036191,462.169,13953349.23,1247925.06,563.699
4507_A,38.41715507,-82.37038364,462.194,13953348.58,1247918.825,563.724
4508_A,38.41715317,-82.37040485,462.224,13953347.97,1247912.74,563.754
4509_A,38.41715059,-82.37043239,462.235,13953347.15,1247904.837,563.765
4510_A,38.41714871,-82.37045255,462.249,13953346.55,1247899.053,563.78
4511_A,38.41714688,-82.37047226,462.27,13953345.97,1247893.399,563.8
4512_A,38.41714449,-82.37049794,462.281,13953345.21,1247886.03,563.811
4513_A,38.41714276,-82.370517,462.291,13953344.66,1247880.56,563.821
4514_A,38.41714103,-82.37053586,462.319,13953344.11,1247875.149,563.849
4515_A,38.41713875,-82.37056068,462.355,13953343.39,1247868.026,563.885
4516_A,38.41713706,-82.37057905,462.37,13953342.85,1247862.756,563.9
4517_A,38.41713541,-82.37059718,462.384,13953342.33,1247857.553,563.914
4518_A,38.41713319,-82.37062086,462.426,13953341.62,1247850.76,563.955
4519_A,38.41713107,-82.37064393,462.437,13953340.95,1247844.14,563.967
4520_A,38.417129,-82.37066627,462.458,13953340.29,1247837.73,563.988
4521_A,38.41712701,-82.37068788,462.466,13953339.66,1247831.53,563.995
4522_A,38.41712506,-82.37070882,462.489,13953339.04,1247825.521,564.019
4523_A,38.41712319,-82.37072911,462.528,13953338.44,1247819.701,564.057
4524_A,38.4171214,-82.37074873,462.534,13953337.87,1247814.071,564.064
4525_A,38.41711968,-82.37076748,462.536,13953337.33,1247808.691,564.065
4526_A,38.41711799,-82.37078518,462.588,13953336.79,1247803.611,564.118
4527_A,38.41711579,-82.37080936,462.593,13953336.09,1247796.673,564.122
4528_A,38.41711409,-82.37082731,462.622,13953335.55,1247791.525,564.151
4529_A,38.417112,-82.37084967,462.654,13953334.88,1247785.107,564.184
4530_A,38.41710994,-82.37087223,462.655,13953334.23,1247778.634,564.185
4531_A,38.41710815,-82.37089159,462.686,13953333.66,1247773.08,564.215
4532_A,38.4171063,-82.37091217,462.69,13953333.07,1247767.174,564.219
4533_A,38.41710445,-82.37093199,462.687,13953332.49,1247761.487,564.216
4534_A,38.41710286,-82.37094967,462.737,13953331.98,1247756.416,564.266
4535_A,38.41710118,-82.37096736,462.743,13953331.44,1247751.338,564.272
4536_A,38.41709897,-82.37099101,462.738,13953330.74,1247744.552,564.267
4537_A,38.41709684,-82.37101456,462.754,13953330.06,1247737.797,564.283
4538_A,38.41709519,-82.37103246,462.754,13953329.54,1247732.661,564.283
4539_A,38.41709337,-82.37105211,462.793,13953328.96,1247727.023,564.322
4540_A,38.4170914,-82.37107353,462.798,13953328.33,1247720.876,564.327
4541_A,38.41708929,-82.37109642,462.81,13953327.66,1247714.309,564.339
4542_A,38.41708707,-82.37112054,462.823,13953326.96,1247707.389,564.352
4543_A,38.4170847,-82.37114569,462.885,13953326.2,1247700.171,564.413
4544_A,38.41708288,-82.37116522,462.874,13953325.62,1247694.569,564.402
4545_A,38.41708108,-82.37118509,462.86,13953325.05,1247688.867,564.388
4546_A,38.41707865,-82.37121224,462.905,13953324.29,1247681.076,564.433
4547_A,38.41707672,-82.37123303,462.918,13953323.67,1247675.113,564.446
4548_A,38.41707475,-82.37125416,462.908,13953323.04,1247669.048,564.436
4549_A,38.41707213,-82.37128289,462.901,13953322.21,1247660.807,564.429
4550_A,38.41706934,-82.37131229,462.912,13953321.32,1247652.37,564.44
4551_A,38.41706653,-82.37134234,462.9,13953320.43,1247643.748,564.428
4552_A,38.41706365,-82.37137296,462.901,13953319.51,1247634.962,564.429
4553_A,38.41706081,-82.37140406,462.914,13953318.61,1247626.039,564.442
4554_A,38.41705788,-82.37143555,462.908,13953317.67,1247617.001,564.436
4555_A,38.41705572,-82.37145936,462.91,13953316.99,1247610.17,564.438
4556_A,38.41705352,-82.3714834,462.951,13953316.29,1247603.272,564.479
4557_A,38.41705057,-82.37151574,462.946,13953315.35,1247593.994,564.474
4558_A,38.41704755,-82.3715483,462.962,13953314.39,1247584.652,564.489
4559_A,38.41704457,-82.37158092,462.951,13953313.45,1247575.292,564.479
4560_A,38.41704157,-82.3716134,462.982,13953312.5,1247565.973,564.51
4561_A,38.4170386,-82.37164557,463.007,13953311.55,1247556.743,564.535
4562_A,38.4170357,-82.37167742,463.049,13953310.63,1247547.603,564.576
4563_A,38.41703281,-82.37170907,463.037,13953309.71,1247538.524,564.565
4564_A,38.41702999,-82.37174044,463.048,13953308.82,1247529.523,564.575
4565_A,38.41702707,-82.37177153,463.063,13953307.89,1247520.602,564.59
4566_A,38.41702421,-82.37180243,463.106,13953306.98,1247511.736,564.633
4567_A,38.41702143,-82.37183298,463.114,13953306.1,1247502.969,564.641
4568_A,38.4170186,-82.3718631,463.152,13953305.2,1247494.327,564.679
4569_A,38.41701591,-82.37189265,463.154,13953304.34,1247485.848,564.681
4570_A,38.41701332,-82.37192128,463.181,13953303.52,1247477.634,564.708
4571_A,38.41701083,-82.3719486,463.187,13953302.73,1247469.795,564.714
4572_A,38.41700844,-82.3719744,463.219,13953301.97,1247462.393,564.745
4573_A,38.4170062,-82.37199882,463.215,13953301.26,1247455.385,564.741
4574_A,38.41700406,-82.372022,463.267,13953300.58,1247448.734,564.793
4575_A,38.41700205,-82.37204413,463.281,13953299.94,1247442.386,564.807
4576_A,38.4170001,-82.37206528,463.256,13953299.32,1247436.316,564.782
4577_A,38.41699825,-82.3720857,463.284,13953298.74,1247430.457,564.81
4578_A,38.41699651,-82.37210552,463.3,13953298.19,1247424.77,564.826
4579_A,38.4169947,-82.37212489,463.329,13953297.61,1247419.212,564.856
4580_A,38.41699294,-82.37214407,463.335,13953297.05,1247413.71,564.862
4581_A,38.41699116,-82.37216318,463.334,13953296.48,1247408.226,564.86
4582_A,38.41698933,-82.37218207,463.394,13953295.9,1247402.806,564.92
4583_A,38.41698763,-82.37220085,463.41,13953295.36,1247397.419,564.936
4584_A,38.41698589,-82.37221985,463.432,13953294.81,1247391.967,564.959
4585_A,38.41698407,-82.3722398,463.471,13953294.23,1247386.242,564.997
4586_A,38.41698212,-82.37226089,463.465,13953293.61,1247380.191,564.991
4587_A,38.41698016,-82.37228295,463.501,13953292.99,1247373.86,565.027
4588_A,38.41697805,-82.37230593,463.539,13953292.32,1247367.268,565.065
4589_A,38.41697587,-82.37232964,463.601,13953291.63,1247360.466,565.127
4590_A,38.41697354,-82.3723541,463.591,13953290.89,1247353.445,565.116
4591_A,38.41697129,-82.37237922,463.654,13953290.17,1247346.238,565.18
4592_A,38.41696895,-82.37240509,463.708,13953289.43,1247338.815,565.234
4593_A,38.41696647,-82.37243158,463.752,13953288.64,1247331.217,565.278
4594_A,38.41696394,-82.37245863,463.786,13953287.84,1247323.453,565.312
4595_A,38.41696137,-82.3724862,463.825,13953287.02,1247315.544,565.35
4596_A,38.41695884,-82.37251424,463.829,13953286.21,1247307.497,565.354
4597_A,38.41695623,-82.37254294,463.9,13953285.39,1247299.262,565.426
4598_A,38.41695354,-82.37257217,463.944,13953284.53,1247290.877,565.469
4599_A,38.41695075,-82.37260198,463.983,13953283.64,1247282.324,565.508
4600_A,38.41694798,-82.37263216,464.036,13953282.76,1247273.663,565.562
4601_A,38.41694587,-82.37265502,464.052,13953282.1,1247267.104,565.577
4602_A,38.41694387,-82.37267805,464.088,13953281.46,1247260.496,565.613
4603_A,38.41694098,-82.37270898,464.123,13953280.54,1247251.622,565.648
4604_A,38.41693881,-82.37273228,464.154,13953279.85,1247244.936,565.679
4605_A,38.4169367,-82.37275569,464.197,13953279.18,1247238.22,565.722
4606_A,38.4169338,-82.37278716,464.221,13953278.26,1247229.192,565.746
4607_A,38.41693167,-82.3728108,464.266,13953277.59,1247222.409,565.79
4608_A,38.41692949,-82.37283459,464.259,13953276.9,1247215.581,565.783
4609_A,38.41692662,-82.37286648,464.326,13953275.99,1247206.43,565.85
4610_A,38.41692438,-82.37289048,464.336,13953275.27,1247199.544,565.861
4611_A,38.41692219,-82.37291442,464.389,13953274.58,1247192.678,565.914
4612_A,38.41691929,-82.37294619,464.416,13953273.66,1247183.561,565.94
4613_A,38.41691715,-82.37296983,464.441,13953272.98,1247176.778,565.965
4614_A,38.41691495,-82.37299334,464.442,13953272.28,1247170.032,565.966
4615_A,38.41691217,-82.3730244,464.478,13953271.4,1247161.119,566.003
4616_A,38.41691,-82.37304752,464.523,13953270.71,1247154.487,566.047
4617_A,38.41690788,-82.3730705,464.556,13953270.03,1247147.893,566.081
4618_A,38.41690499,-82.37310083,464.571,13953269.11,1247139.19,566.096
4619_A,38.41690291,-82.37312341,464.594,13953268.45,1247132.711,566.118
4620_A,38.41690088,-82.37314579,464.628,13953267.81,1247126.29,566.152
4621_A,38.41689819,-82.37317556,464.659,13953266.96,1247117.749,566.183
4622_A,38.4168961,-82.37319765,464.661,13953266.29,1247111.411,566.185
4623_A,38.41689411,-82.37321963,464.676,13953265.66,1247105.104,566.2
4624_A,38.41689145,-82.37324871,464.699,13953264.81,1247096.759,566.223
4625_A,38.41688946,-82.37327042,464.708,13953264.18,1247090.531,566.232
4626_A,38.41688751,-82.37329196,464.769,13953263.56,1247084.351,566.292
4627_A,38.41688484,-82.37332072,464.786,13953262.71,1247076.096,566.309
4628_A,38.41688281,-82.37334233,464.846,13953262.07,1247069.898,566.369
4629_A,38.4168808,-82.37336401,464.827,13953261.43,1247063.676,566.35
4630_A,38.41687813,-82.37339311,464.839,13953260.58,1247055.326,566.363
4631_A,38.41687611,-82.37341511,464.866,13953259.94,1247049.014,566.39
4632_A,38.41687408,-82.37343737,464.906,13953259.29,1247042.626,566.43
4633_A,38.41687131,-82.37346731,464.938,13953258.42,1247034.038,566.462
4634_A,38.41686921,-82.37349005,464.925,13953257.75,1247027.511,566.448
4635_A,38.41686706,-82.37351299,464.98,13953257.06,1247020.93,566.503
4636_A,38.4168643,-82.37354405,465.017,13953256.19,1247012.017,566.541
4637_A,38.41686213,-82.3735676,464.992,13953255.5,1247005.26,566.515
4638_A,38.41685993,-82.37359142,465.003,13953254.8,1246998.427,566.526
4639_A,38.41685695,-82.37362355,465.052,13953253.85,1246989.206,566.575
4640_A,38.41685469,-82.3736479,465.057,13953253.13,1246982.219,566.58
4641_A,38.4168524,-82.37367257,465.102,13953252.41,1246975.14,566.624
4642_A,38.4168494,-82.37370585,465.091,13953251.46,1246965.592,566.614
4643_A,38.41684706,-82.37373106,465.106,13953250.71,1246958.361,566.628
4644_A,38.41684473,-82.37375651,465.105,13953249.97,1246951.057,566.627
4645_A,38.41684156,-82.37379084,465.123,13953248.97,1246941.208,566.645
4646_A,38.4168391,-82.37381678,465.167,13953248.18,1246933.763,566.689
4647_A,38.4168366,-82.37384308,465.224,13953247.38,1246926.217,566.747
4648_A,38.41683499,-82.37386073,465.223,13953246.87,1246921.154,566.745
4649_A,38.41683337,-82.37387843,465.256,13953246.36,1246916.074,566.778
4650_A,38.41683172,-82.37389626,465.263,13953245.83,1246910.959,566.785
4651_A,38.41683007,-82.37391415,465.293,13953245.31,1246905.825,566.815
4652_A,38.41682842,-82.37393214,465.304,13953244.79,1246900.664,566.826
4653_A,38.41682667,-82.37395013,465.32,13953244.22,1246895.502,566.842
4654_A,38.41682499,-82.37396815,465.346,13953243.69,1246890.33,566.869
4655_A,38.41682328,-82.37398612,465.341,13953243.14,1246885.174,566.863
4656_A,38.41682162,-82.37400404,465.349,13953242.61,1246880.033,566.871
4657_A,38.41682003,-82.37402181,465.35,13953242.11,1246874.933,566.872
4658_A,38.41681835,-82.37403959,465.418,13953241.58,1246869.832,566.94
4659_A,38.41681675,-82.37405731,465.426,13953241.07,1246864.747,566.948
4660_A,38.41681509,-82.37407492,465.426,13953240.54,1246859.693,566.948
4661_A,38.41681351,-82.37409252,465.462,13953240.04,1246854.646,566.984
4662_A,38.41681188,-82.37411002,465.519,13953239.52,1246849.624,567.041
4663_A,38.41681028,-82.37412743,465.549,13953239.01,1246844.627,567.071
4664_A,38.41680708,-82.37416198,465.593,13953238,1246834.714,567.115
4665_A,38.41680394,-82.37419627,465.598,13953237,1246824.876,567.12
4666_A,38.41680081,-82.37423019,465.652,13953236,1246815.142,567.174
4667_A,38.41679852,-82.37425552,465.676,13953235.28,1246807.877,567.198
4668_A,38.41679619,-82.37428075,465.675,13953234.54,1246800.636,567.196
4669_A,38.41679311,-82.37431402,465.732,13953233.56,1246791.089,567.253
4670_A,38.41679086,-82.37433882,465.787,13953232.85,1246783.974,567.308
4671_A,38.41678864,-82.37436346,465.816,13953232.14,1246776.905,567.337
4672_A,38.4167857,-82.37439604,465.87,13953231.21,1246767.555,567.391
4673_A,38.41678339,-82.37442029,465.882,13953230.47,1246760.597,567.403
4674_A,38.41678113,-82.37444445,465.919,13953229.75,1246753.664,567.44
4675_A,38.41677812,-82.37447668,465.967,13953228.8,1246744.419,567.488
4676_A,38.41677594,-82.37450085,465.972,13953228.11,1246737.483,567.493
4677_A,38.41677368,-82.3745251,466.016,13953227.39,1246730.526,567.537
4678_A,38.41677071,-82.37455724,466.061,13953226.44,1246721.303,567.582
4679_A,38.41676849,-82.37458127,466.059,13953225.74,1246714.409,567.58
4680_A,38.4167663,-82.37460545,466.104,13953225.04,1246707.471,567.625
4681_A,38.41676327,-82.3746375,466.132,13953224.08,1246698.273,567.653
4682_A,38.4167611,-82.3746616,466.186,13953223.39,1246691.359,567.706
4683_A,38.41675883,-82.37468572,466.175,13953222.67,1246684.438,567.695
4684_A,38.41675583,-82.37471809,466.22,13953221.71,1246675.15,567.741
4685_A,38.41675364,-82.37474234,466.263,13953221.02,1246668.192,567.784
4686_A,38.41675143,-82.37476671,466.289,13953220.32,1246661.2,567.81
4687_A,38.41674843,-82.3747993,466.356,13953219.37,1246651.849,567.876
4688_A,38.41674616,-82.37482384,466.391,13953218.64,1246644.808,567.912
4689_A,38.41674387,-82.37484843,466.407,13953217.91,1246637.752,567.927
4690_A,38.41674083,-82.3748813,466.43,13953216.95,1246628.321,567.95
4691_A,38.41673862,-82.37490605,466.454,13953216.25,1246621.218,567.974
4692_A,38.41673629,-82.37493096,466.474,13953215.51,1246614.072,567.994
4693_A,38.41673317,-82.37496412,466.566,13953214.51,1246604.556,568.086
4694_A,38.41673085,-82.37498912,466.587,13953213.78,1246597.383,568.107
4695_A,38.41672854,-82.37501417,466.62,13953213.04,1246590.194,568.14
4696_A,38.41672539,-82.37504773,466.687,13953212.04,1246580.567,568.207
4697_A,38.4167231,-82.37507293,466.736,13953211.31,1246573.336,568.256
4698_A,38.41672074,-82.37509826,466.74,13953210.56,1246566.067,568.26
4699_A,38.41671768,-82.3751321,466.799,13953209.59,1246556.359,568.319
4700_A,38.41671533,-82.37515751,466.821,13953208.85,1246549.068,568.341
4701_A,38.41671306,-82.37518288,466.824,13953208.13,1246541.788,568.344
4702_A,38.41670994,-82.37521677,466.863,13953207.14,1246532.064,568.383
4703_A,38.4167076,-82.37524213,466.904,13953206.39,1246524.789,568.424
4704_A,38.41670532,-82.37526748,466.923,13953205.67,1246517.514,568.443
4705_A,38.41670219,-82.37530103,466.943,13953204.67,1246507.887,568.463
4706_A,38.41669991,-82.37532609,466.989,13953203.95,1246500.698,568.509
4707_A,38.4166976,-82.37535116,467.03,13953203.22,1246493.505,568.55
4708_A,38.41669451,-82.37538434,467.07,13953202.23,1246483.982,568.59
4709_A,38.41669225,-82.37540915,467.069,13953201.52,1246476.865,568.588
4710_A,38.4166899,-82.37543385,467.106,13953200.77,1246469.777,568.626
4711_A,38.4166869,-82.37546666,467.13,13953199.82,1246460.364,568.649
4712_A,38.41668463,-82.37549115,467.126,13953199.09,1246453.335,568.645
4713_A,38.41668239,-82.37551577,467.174,13953198.38,1246446.272,568.693
4714_A,38.41667938,-82.37554844,467.157,13953197.43,1246436.897,568.676
4715_A,38.41667713,-82.37557303,467.203,13953196.71,1246429.842,568.722
4716_A,38.41667486,-82.37559755,467.165,13953195.99,1246422.805,568.684
4717_A,38.41667184,-82.37563031,467.183,13953195.03,1246413.408,568.702
4718_A,38.41666951,-82.37565487,467.203,13953194.29,1246406.361,568.722
4719_A,38.41666734,-82.37567957,467.249,13953193.6,1246399.274,568.768
4720_A,38.41666423,-82.37571228,467.251,13953192.61,1246389.886,568.77
4721_A,38.41666198,-82.37573684,467.277,13953191.9,1246382.841,568.796
4722_A,38.41665967,-82.37576136,467.347,13953191.16,1246375.803,568.866
4723_A,38.41665661,-82.37579398,467.307,13953190.19,1246366.444,568.826
4724_A,38.4166544,-82.37581847,467.352,13953189.49,1246359.417,568.871
4725_A,38.41665209,-82.37584292,467.373,13953188.75,1246352.401,568.891
4726_A,38.41664917,-82.37587549,467.399,13953187.83,1246343.055,568.918
4727_A,38.41664612,-82.37590801,467.415,13953186.85,1246333.725,568.934
4728_A,38.41664303,-82.3759405,467.469,13953185.87,1246324.403,568.987
4729_A,38.41664001,-82.37597318,467.494,13953184.91,1246315.027,569.012
4730_A,38.4166371,-82.37600589,467.519,13953183.99,1246305.64,569.038
4731_A,38.41663405,-82.37603866,467.547,13953183.02,1246296.239,569.065
4732_A,38.41663182,-82.37606336,467.541,13953182.31,1246289.15,569.059
4733_A,38.41662946,-82.37608812,467.564,13953181.56,1246282.047,569.082
4734_A,38.41662646,-82.37612099,467.583,13953180.61,1246272.614,569.101
4735_A,38.4166242,-82.37614568,467.589,13953179.89,1246265.532,569.107
4736_A,38.41662191,-82.37617042,467.585,13953179.16,1246258.432,569.103
4737_A,38.41661894,-82.37620333,467.629,13953178.22,1246248.99,569.146
4738_A,38.41661594,-82.37623621,467.602,13953177.27,1246239.555,569.12
4739_A,38.41661299,-82.3762691,467.693,13953176.34,1246230.118,569.211
4740_A,38.41660998,-82.37630199,467.724,13953175.38,1246220.68,569.242
4741_A,38.41660693,-82.37633491,467.765,13953174.41,1246211.235,569.283
4742_A,38.41660395,-82.37636786,467.77,13953173.47,1246201.78,569.287
4743_A,38.41660081,-82.37640084,467.78,13953172.47,1246192.318,569.298
4744_A,38.41659777,-82.37643381,467.825,13953171.5,1246182.857,569.342
4745_A,38.41659473,-82.37646689,467.856,13953170.54,1246173.365,569.373
4746_A,38.41659166,-82.37649999,467.858,13953169.56,1246163.867,569.375
4747_A,38.41658859,-82.37653328,467.873,13953168.58,1246154.317,569.39
4748_A,38.41658547,-82.37656663,467.924,13953167.59,1246144.748,569.441
4749_A,38.41658233,-82.3766003,467.941,13953166.59,1246135.085,569.458
4750_A,38.41657932,-82.37663398,467.983,13953165.64,1246125.422,569.5
4751_A,38.41657623,-82.3766677,468.029,13953164.66,1246115.747,569.546
4752_A,38.41657315,-82.37670133,468.086,13953163.68,1246106.098,569.603
4753_A,38.41656994,-82.37673502,468.111,13953162.66,1246096.431,569.627
4754_A,38.41656679,-82.37676855,468.19,13953161.65,1246086.811,569.707
4755_A,38.41656372,-82.37680185,468.226,13953160.68,1246077.255,569.743
4756_A,38.41656076,-82.37683483,468.28,13953159.74,1246067.791,569.796
4757_A,38.41655778,-82.3768676,468.323,13953158.8,1246058.389,569.84
4758_A,38.41655474,-82.37690008,468.385,13953157.83,1246049.069,569.901
4759_A,38.4165517,-82.37693262,468.431,13953156.86,1246039.734,569.948
4760_A,38.41654877,-82.37696517,468.484,13953155.93,1246030.395,570
4761_A,38.41654568,-82.37699801,468.512,13953154.95,1246020.97,570.028
4762_A,38.4165425,-82.37703119,468.585,13953153.93,1246011.45,570.101
4763_A,38.41653951,-82.37706468,468.611,13953152.99,1246001.841,570.126
4764_A,38.41653641,-82.37709838,468.659,13953152.01,1245992.172,570.175
4765_A,38.41653331,-82.37713186,468.665,13953151.02,1245982.566,570.18
4766_A,38.41653014,-82.37716516,468.737,13953150.01,1245973.008,570.253
4767_A,38.41652701,-82.37719818,468.784,13953149.01,1245963.535,570.3
4768_A,38.41652405,-82.37723092,468.787,13953148.07,1245954.14,570.303
4769_A,38.41652111,-82.37726339,468.779,13953147.14,1245944.823,570.294
4770_A,38.4165181,-82.37729555,468.806,13953146.18,1245935.596,570.321
4771_A,38.41651512,-82.37732749,468.869,13953145.23,1245926.433,570.385
4772_A,38.41651221,-82.37735921,468.879,13953144.31,1245917.33,570.394
4773_A,38.41651001,-82.37738278,468.931,13953143.61,1245910.568,570.446
4774_A,38.41650778,-82.37740641,468.933,13953142.9,1245903.786,570.448
4775_A,38.41650493,-82.37743784,468.942,13953142,1245894.769,570.457
4776_A,38.41650271,-82.37746135,468.985,13953141.29,1245888.022,570.5
4777_A,38.41650059,-82.37748487,469.002,13953140.62,1245881.274,570.517
4778_A,38.41649763,-82.37751623,469.038,13953139.67,1245872.274,570.553
